iy,id,it,imin,qn,qh,qe,qs,qf,U,RH,Tair,pres,rain,kdown,snow,ldown,fcld,Wuh,xsmd,lai,kdiff,Kdir,wdir
2017,121,0,0,-999,-999,-999,-999,-999,0,74,11.66666667,29.29,0,0,-999,-999,-999,-999,0.155,-999,-999,-999,-999
2017,121,1,0,-999,-999,-999,-999,-999,0,77,11.11111111,29.27,0,0,-999,-999,-999,-999,0.154,-999,-999,-999,-999
2017,121,2,0,-999,-999,-999,-999,-999,0,80,10.55555556,29.25,0,0,-999,-999,-999,-999,0.152,-999,-999,-999,-999
2017,121,3,0,-999,-999,-999,-999,-999,0,67,12.22222222,29.25,0,0,-999,-999,-999,-999,0.153,-999,-999,-999,-999
2017,121,4,0,-999,-999,-999,-999,-999,5,64,12.22222222,29.25,0,0,-999,-999,-999,-999,0.153,-999,-999,-999,-999
2017,121,5,0,-999,-999,-999,-999,-999,5,74,13.88888889,29.27,0,0,-999,-999,-999,-999,0.153,-999,-999,-999,-999
2017,121,6,0,-999,-999,-999,-999,-999,7,75,16.66666667,29.29,0,9,-999,-999,-999,-999,0.152,-999,-999,-999,-999
2017,121,7,0,-999,-999,-999,-999,-999,7,65,20,29.3,0,197,-999,-999,-999,-999,0.152,-999,-999,-999,-999
2017,121,8,0,-999,-999,-999,-999,-999,10,50,22.77777778,29.3,0,420,-999,-999,-999,-999,0.152,-999,-999,-999,-999
2017,121,9,0,-999,-999,-999,-999,-999,9,42,25,29.29,0,628,-999,-999,-999,-999,0.152,-999,-999,-999,-999
2017,121,10,0,-999,-999,-999,-999,-999,7,34,26.66666667,29.29,0,795,-999,-999,-999,-999,0.154,-999,-999,-999,-999
2017,121,11,0,-999,-999,-999,-999,-999,9,29,28.88888889,29.27,0,912,-999,-999,-999,-999,0.156,-999,-999,-999,-999
2017,121,12,0,-999,-999,-999,-999,-999,9,26,30.55555556,29.25,0,973,-999,-999,-999,-999,0.159,-999,-999,-999,-999
2017,121,13,0,-999,-999,-999,-999,-999,6,25,31.66666667,29.22,0,974,-999,-999,-999,-999,0.159,-999,-999,-999,-999
2017,121,14,0,-999,-999,-999,-999,-999,7,24,32.77777778,29.2,0,911,-999,-999,-999,-999,0.162,-999,-999,-999,-999
2017,121,15,0,-999,-999,-999,-999,-999,8,23,32.77777778,29.17,0,783,-999,-999,-999,-999,0.164,-999,-999,-999,-999
2017,121,16,0,-999,-999,-999,-999,-999,8,27,31.11111111,29.16,0,617,-999,-999,-999,-999,0.164,-999,-999,-999,-999
2017,121,17,0,-999,-999,-999,-999,-999,8,29,29.44444444,29.16,0,416,-999,-999,-999,-999,0.164,-999,-999,-999,-999
2017,121,18,0,-999,-999,-999,-999,-999,6,33,27.77777778,29.16,0,191,-999,-999,-999,-999,0.162,-999,-999,-999,-999
2017,121,19,0,-999,-999,-999,-999,-999,3,35,26.11111111,29.17,0,5,-999,-999,-999,-999,0.16,-999,-999,-999,-999
2017,121,20,0,-999,-999,-999,-999,-999,9,39,25,29.2,0,0,-999,-999,-999,-999,0.159,-999,-999,-999,-999
2017,121,21,0,-999,-999,-999,-999,-999,8,38,22.77777778,29.23,0,0,-999,-999,-999,-999,0.159,-999,-999,-999,-999
2017,121,22,0,-999,-999,-999,-999,-999,7,42,21.66666667,29.25,0,0,-999,-999,-999,-999,0.157,-999,-999,-999,-999
2017,121,23,0,-999,-999,-999,-999,-999,5,47,20,29.25,0,0,-999,-999,-999,-999,0.156,-999,-999,-999,-999
2017,122,0,0,-999,-999,-999,-999,-999,5,51,19.44444444,29.26,0,0,-999,-999,-999,-999,0.156,-999,-999,-999,-999
2017,122,1,0,-999,-999,-999,-999,-999,6,61,18.33333333,29.25,0,0,-999,-999,-999,-999,0.154,-999,-999,-999,-999
2017,122,2,0,-999,-999,-999,-999,-999,3,65,17.77777778,29.25,0,0,-999,-999,-999,-999,0.152,-999,-999,-999,-999
2017,122,3,0,-999,-999,-999,-999,-999,3,70,17.22222222,29.25,0,0,-999,-999,-999,-999,0.152,-999,-999,-999,-999
2017,122,4,0,-999,-999,-999,-999,-999,3,73,17.22222222,29.26,0,0,-999,-999,-999,-999,0.154,-999,-999,-999,-999
2017,122,5,0,-999,-999,-999,-999,-999,3,80,16.66666667,29.27,0,0,-999,-999,-999,-999,0.154,-999,-999,-999,-999
2017,122,6,0,-999,-999,-999,-999,-999,3,81,18.33333333,29.28,0,7,-999,-999,-999,-999,0.151,-999,-999,-999,-999
2017,122,7,0,-999,-999,-999,-999,-999,3,73,22.22222222,29.29,0,189,-999,-999,-999,-999,0.154,-999,-999,-999,-999
2017,122,8,0,-999,-999,-999,-999,-999,6,62,25,29.29,0,412,-999,-999,-999,-999,0.152,-999,-999,-999,-999
2017,122,9,0,-999,-999,-999,-999,-999,7,44,27.77777778,29.29,0,618,-999,-999,-999,-999,0.154,-999,-999,-999,-999
2017,122,10,0,-999,-999,-999,-999,-999,7,37,28.88888889,29.28,0,786,-999,-999,-999,-999,0.153,-999,-999,-999,-999
2017,122,11,0,-999,-999,-999,-999,-999,5,37,30,29.27,0,898,-999,-999,-999,-999,0.156,-999,-999,-999,-999
2017,122,12,0,-999,-999,-999,-999,-999,10,32,32.22222222,29.23,0,958,-999,-999,-999,-999,0.156,-999,-999,-999,-999
2017,122,13,0,-999,-999,-999,-999,-999,10,31,33.33333333,29.21,0,959,-999,-999,-999,-999,0.159,-999,-999,-999,-999
2017,122,14,0,-999,-999,-999,-999,-999,9,31,33.33333333,29.18,0,883,-999,-999,-999,-999,0.161,-999,-999,-999,-999
2017,122,15,0,-999,-999,-999,-999,-999,14,31,32.77777778,29.15,0,810,-999,-999,-999,-999,0.16,-999,-999,-999,-999
2017,122,16,0,-999,-999,-999,-999,-999,14,33,31.66666667,29.15,0,605,-999,-999,-999,-999,0.162,-999,-999,-999,-999
2017,122,17,0,-999,-999,-999,-999,-999,13,35,30,29.15,0,404,-999,-999,-999,-999,0.159,-999,-999,-999,-999
2017,122,18,0,-999,-999,-999,-999,-999,10,37,28.33333333,29.15,0,148,-999,-999,-999,-999,0.16,-999,-999,-999,-999
2017,122,19,0,-999,-999,-999,-999,-999,8,42,26.66666667,29.16,0,7,-999,-999,-999,-999,0.157,-999,-999,-999,-999
2017,122,20,0,-999,-999,-999,-999,-999,8,52,25,29.18,0,0,-999,-999,-999,-999,0.156,-999,-999,-999,-999
2017,122,21,0,-999,-999,-999,-999,-999,7,64,23.33333333,29.2,0,0,-999,-999,-999,-999,0.157,-999,-999,-999,-999
2017,122,22,0,-999,-999,-999,-999,-999,7,71,22.77777778,29.19,0,0,-999,-999,-999,-999,0.153,-999,-999,-999,-999
2017,122,23,0,-999,-999,-999,-999,-999,7,76,22.77777778,29.18,0,0,-999,-999,-999,-999,0.153,-999,-999,-999,-999
2017,123,0,0,-999,-999,-999,-999,-999,8,79,22.77777778,29.15,0,0,-999,-999,-999,-999,0.153,-999,-999,-999,-999
2017,123,1,0,-999,-999,-999,-999,-999,7,84,22.77777778,29.15,0,0,-999,-999,-999,-999,0.154,-999,-999,-999,-999
2017,123,2,0,-999,-999,-999,-999,-999,6,87,22.77777778,29.13,0,0,-999,-999,-999,-999,0.152,-999,-999,-999,-999
2017,123,3,0,-999,-999,-999,-999,-999,5,91,22.22222222,29.12,0,0,-999,-999,-999,-999,0.151,-999,-999,-999,-999
2017,123,4,0,-999,-999,-999,-999,-999,5,90,22.77777778,29.13,0,0,-999,-999,-999,-999,0.153,-999,-999,-999,-999
2017,123,5,0,-999,-999,-999,-999,-999,5,94,22.77777778,29.12,0,0,-999,-999,-999,-999,0.154,-999,-999,-999,-999
2017,123,6,0,-999,-999,-999,-999,-999,5,91,23.33333333,29.12,0,0,-999,-999,-999,-999,0.151,-999,-999,-999,-999
2017,123,7,0,-999,-999,-999,-999,-999,6,88,24.44444444,29.13,0,33,-999,-999,-999,-999,0.153,-999,-999,-999,-999
2017,123,8,0,-999,-999,-999,-999,-999,8,79,25.55555556,29.12,0,110,-999,-999,-999,-999,0.152,-999,-999,-999,-999
2017,123,9,0,-999,-999,-999,-999,-999,6,76,26.66666667,29.12,0,405,-999,-999,-999,-999,0.152,-999,-999,-999,-999
2017,123,10,0,-999,-999,-999,-999,-999,9,63,30,29.09,0,497,-999,-999,-999,-999,0.154,-999,-999,-999,-999
2017,123,11,0,-999,-999,-999,-999,-999,5,57,30,29.1,0,162,-999,-999,-999,-999,0.151,-999,-999,-999,-999
2017,123,12,0,-999,-999,-999,-999,-999,8,52,32.22222222,29.07,0,879,-999,-999,-999,-999,0.154,-999,-999,-999,-999
2017,123,13,0,-999,-999,-999,-999,-999,10,50,32.22222222,29.05,0,1005,-999,-999,-999,-999,0.155,-999,-999,-999,-999
2017,123,14,0,-999,-999,-999,-999,-999,6,44,33.33333333,29.03,0,441,-999,-999,-999,-999,0.156,-999,-999,-999,-999
2017,123,15,0,-999,-999,-999,-999,-999,5,38,34.44444444,29.01,0,161,-999,-999,-999,-999,0.156,-999,-999,-999,-999
2017,123,16,0,-999,-999,-999,-999,-999,8,44,32.22222222,29.03,0,598,-999,-999,-999,-999,0.155,-999,-999,-999,-999
2017,123,17,0,-999,-999,-999,-999,-999,13,43,28.33333333,29.09,0,385,-999,-999,-999,-999,0.157,-999,-999,-999,-999
2017,123,18,0,-999,-999,-999,-999,-999,11,43,25.55555556,29.13,0,171,-999,-999,-999,-999,0.157,-999,-999,-999,-999
2017,123,19,0,-999,-999,-999,-999,-999,9,43,23.33333333,29.21,0,13,-999,-999,-999,-999,0.154,-999,-999,-999,-999
2017,123,20,0,-999,-999,-999,-999,-999,9,43,23.33333333,29.25,0,0,-999,-999,-999,-999,0.154,-999,-999,-999,-999
2017,123,21,0,-999,-999,-999,-999,-999,13,45,20.55555556,29.28,0,0,-999,-999,-999,-999,0.15,-999,-999,-999,-999
2017,123,22,0,-999,-999,-999,-999,-999,8,49,19.44444444,29.29,0,0,-999,-999,-999,-999,0.152,-999,-999,-999,-999
2017,123,23,0,-999,-999,-999,-999,-999,6,54,17.77777778,29.3,0,0,-999,-999,-999,-999,0.15,-999,-999,-999,-999
2017,124,0,0,-999,-999,-999,-999,-999,8,50,17.22222222,29.3,0,0,-999,-999,-999,-999,0.149,-999,-999,-999,-999
2017,124,1,0,-999,-999,-999,-999,-999,6,48,17.22222222,29.29,0,0,-999,-999,-999,-999,0.146,-999,-999,-999,-999
2017,124,2,0,-999,-999,-999,-999,-999,8,52,16.66666667,29.27,0,0,-999,-999,-999,-999,0.146,-999,-999,-999,-999
2017,124,3,0,-999,-999,-999,-999,-999,8,54,16.11111111,29.27,0,0,-999,-999,-999,-999,0.147,-999,-999,-999,-999
2017,124,4,0,-999,-999,-999,-999,-999,6,60,15.55555556,29.3,0,0,-999,-999,-999,-999,0.146,-999,-999,-999,-999
2017,124,5,0,-999,-999,-999,-999,-999,8,60,15.55555556,29.33,0,0,-999,-999,-999,-999,0.144,-999,-999,-999,-999
2017,124,6,0,-999,-999,-999,-999,-999,14,56,16.11111111,29.37,0,17,-999,-999,-999,-999,0.144,-999,-999,-999,-999
2017,124,7,0,-999,-999,-999,-999,-999,14,50,17.77777778,29.41,0,197,-999,-999,-999,-999,0.144,-999,-999,-999,-999
2017,124,8,0,-999,-999,-999,-999,-999,10,49,18.88888889,29.43,0,422,-999,-999,-999,-999,0.142,-999,-999,-999,-999
2017,124,9,0,-999,-999,-999,-999,-999,13,42,20.55555556,29.43,0,646,-999,-999,-999,-999,0.142,-999,-999,-999,-999
2017,124,10,0,-999,-999,-999,-999,-999,10,39,21.66666667,29.43,0,837,-999,-999,-999,-999,0.145,-999,-999,-999,-999
2017,124,11,0,-999,-999,-999,-999,-999,9,34,23.88888889,29.41,0,885,-999,-999,-999,-999,0.146,-999,-999,-999,-999
2017,124,12,0,-999,-999,-999,-999,-999,9,32,24.44444444,29.38,0,857,-999,-999,-999,-999,0.148,-999,-999,-999,-999
2017,124,13,0,-999,-999,-999,-999,-999,15,30,25,29.36,0,1029,-999,-999,-999,-999,0.149,-999,-999,-999,-999
2017,124,14,0,-999,-999,-999,-999,-999,10,27,26.11111111,29.34,0,969,-999,-999,-999,-999,0.152,-999,-999,-999,-999
2017,124,15,0,-999,-999,-999,-999,-999,14,26,26.11111111,29.31,0,808,-999,-999,-999,-999,0.149,-999,-999,-999,-999
2017,124,16,0,-999,-999,-999,-999,-999,13,26,25.55555556,29.29,0,626,-999,-999,-999,-999,0.151,-999,-999,-999,-999
2017,124,17,0,-999,-999,-999,-999,-999,11,26,24.44444444,29.3,0,424,-999,-999,-999,-999,0.151,-999,-999,-999,-999
2017,124,18,0,-999,-999,-999,-999,-999,8,28,23.33333333,29.31,0,200,-999,-999,-999,-999,0.15,-999,-999,-999,-999
2017,124,19,0,-999,-999,-999,-999,-999,5,32,21.66666667,29.34,0,19,-999,-999,-999,-999,0.149,-999,-999,-999,-999
2017,124,20,0,-999,-999,-999,-999,-999,3,34,21.11111111,29.35,0,0,-999,-999,-999,-999,0.147,-999,-999,-999,-999
2017,124,21,0,-999,-999,-999,-999,-999,0,36,20,29.37,0,0,-999,-999,-999,-999,0.147,-999,-999,-999,-999
2017,124,22,0,-999,-999,-999,-999,-999,0,46,16.66666667,29.38,0,0,-999,-999,-999,-999,0.145,-999,-999,-999,-999
2017,124,23,0,-999,-999,-999,-999,-999,0,46,16.66666667,29.39,0,0,-999,-999,-999,-999,0.144,-999,-999,-999,-999
2017,125,0,0,-999,-999,-999,-999,-999,0,50,15.55555556,29.38,0,0,-999,-999,-999,-999,0.142,-999,-999,-999,-999
2017,125,1,0,-999,-999,-999,-999,-999,3,50,15.55555556,29.37,0,0,-999,-999,-999,-999,0.144,-999,-999,-999,-999
2017,125,2,0,-999,-999,-999,-999,-999,5,54,15,29.37,0,0,-999,-999,-999,-999,0.14,-999,-999,-999,-999
2017,125,3,0,-999,-999,-999,-999,-999,5,67,13.88888889,29.37,0,0,-999,-999,-999,-999,0.139,-999,-999,-999,-999
2017,125,4,0,-999,-999,-999,-999,-999,5,62,13.88888889,29.37,0,0,-999,-999,-999,-999,0.139,-999,-999,-999,-999
2017,125,5,0,-999,-999,-999,-999,-999,7,65,13.33333333,29.38,0,0,-999,-999,-999,-999,0.141,-999,-999,-999,-999
2017,125,6,0,-999,-999,-999,-999,-999,6,62,13.88888889,29.4,0,16,-999,-999,-999,-999,0.138,-999,-999,-999,-999
2017,125,7,0,-999,-999,-999,-999,-999,6,56,16.66666667,29.41,0,203,-999,-999,-999,-999,0.139,-999,-999,-999,-999
2017,125,8,0,-999,-999,-999,-999,-999,6,46,21.11111111,29.42,0,426,-999,-999,-999,-999,0.138,-999,-999,-999,-999
2017,125,9,0,-999,-999,-999,-999,-999,8,28,23.88888889,29.42,0,631,-999,-999,-999,-999,0.14,-999,-999,-999,-999
2017,125,10,0,-999,-999,-999,-999,-999,8,26,25.55555556,29.41,0,801,-999,-999,-999,-999,0.144,-999,-999,-999,-999
2017,125,11,0,-999,-999,-999,-999,-999,7,23,27.22222222,29.38,0,923,-999,-999,-999,-999,0.143,-999,-999,-999,-999
2017,125,12,0,-999,-999,-999,-999,-999,10,23,27.77777778,29.36,0,983,-999,-999,-999,-999,0.145,-999,-999,-999,-999
2017,125,13,0,-999,-999,-999,-999,-999,7,22,28.33333333,29.33,0,979,-999,-999,-999,-999,0.147,-999,-999,-999,-999
2017,125,14,0,-999,-999,-999,-999,-999,7,20,29.44444444,29.3,0,914,-999,-999,-999,-999,0.148,-999,-999,-999,-999
2017,125,15,0,-999,-999,-999,-999,-999,3,20,29.44444444,29.27,0,798,-999,-999,-999,-999,0.149,-999,-999,-999,-999
2017,125,16,0,-999,-999,-999,-999,-999,0,20,28.88888889,29.25,0,626,-999,-999,-999,-999,0.15,-999,-999,-999,-999
2017,125,17,0,-999,-999,-999,-999,-999,3,20,28.33333333,29.24,0,424,-999,-999,-999,-999,0.149,-999,-999,-999,-999
2017,125,18,0,-999,-999,-999,-999,-999,5,23,26.11111111,29.25,0,202,-999,-999,-999,-999,0.149,-999,-999,-999,-999
2017,125,19,0,-999,-999,-999,-999,-999,3,28,23.33333333,29.26,0,18,-999,-999,-999,-999,0.145,-999,-999,-999,-999
2017,125,20,0,-999,-999,-999,-999,-999,0,38,21.11111111,29.28,0,0,-999,-999,-999,-999,0.146,-999,-999,-999,-999
2017,125,21,0,-999,-999,-999,-999,-999,0,44,20,29.3,0,0,-999,-999,-999,-999,0.141,-999,-999,-999,-999
2017,125,22,0,-999,-999,-999,-999,-999,0,51,18.33333333,29.3,0,0,-999,-999,-999,-999,0.142,-999,-999,-999,-999
2017,125,23,0,-999,-999,-999,-999,-999,0,54,17.22222222,29.3,0,0,-999,-999,-999,-999,0.14,-999,-999,-999,-999
2017,125,0,0,-999,-999,-999,-999,-999,0,64,15,29.3,0,0,-999,-999,-999,-999,0.139,-999,-999,-999,-999
2017,126,1,0,-999,-999,-999,-999,-999,0,69,13.88888889,29.29,0,0,-999,-999,-999,-999,0.139,-999,-999,-999,-999
2017,126,2,0,-999,-999,-999,-999,-999,0,64,15,29.29,0,0,-999,-999,-999,-999,0.138,-999,-999,-999,-999
2017,126,3,0,-999,-999,-999,-999,-999,0,72,12.77777778,29.29,0,0,-999,-999,-999,-999,0.138,-999,-999,-999,-999
2017,126,4,0,-999,-999,-999,-999,-999,0,75,12.22222222,29.31,0,0,-999,-999,-999,-999,0.137,-999,-999,-999,-999
2017,126,5,0,-999,-999,-999,-999,-999,0,67,13.88888889,29.31,0,0,-999,-999,-999,-999,0.135,-999,-999,-999,-999
2017,126,6,0,-999,-999,-999,-999,-999,0,56,16.66666667,29.33,0,16,-999,-999,-999,-999,0.138,-999,-999,-999,-999
2017,126,7,0,-999,-999,-999,-999,-999,3,51,20,29.33,0,197,-999,-999,-999,-999,0.135,-999,-999,-999,-999
2017,126,8,0,-999,-999,-999,-999,-999,5,43,23.88888889,29.33,0,417,-999,-999,-999,-999,0.137,-999,-999,-999,-999
2017,126,9,0,-999,-999,-999,-999,-999,7,34,27.22222222,29.33,0,620,-999,-999,-999,-999,0.137,-999,-999,-999,-999
2017,126,10,0,-999,-999,-999,-999,-999,7,32,27.77777778,29.32,0,786,-999,-999,-999,-999,0.139,-999,-999,-999,-999
2017,126,11,0,-999,-999,-999,-999,-999,6,31,29.44444444,29.3,0,903,-999,-999,-999,-999,0.141,-999,-999,-999,-999
2017,126,12,0,-999,-999,-999,-999,-999,7,30,30,29.28,0,963,-999,-999,-999,-999,0.144,-999,-999,-999,-999
2017,126,13,0,-999,-999,-999,-999,-999,5,29,30.55555556,29.26,0,961,-999,-999,-999,-999,0.144,-999,-999,-999,-999
2017,126,14,0,-999,-999,-999,-999,-999,5,27,31.66666667,29.22,0,898,-999,-999,-999,-999,0.147,-999,-999,-999,-999
2017,126,15,0,-999,-999,-999,-999,-999,3,27,31.11111111,29.2,0,783,-999,-999,-999,-999,0.146,-999,-999,-999,-999
2017,126,16,0,-999,-999,-999,-999,-999,3,28,30.55555556,29.2,0,617,-999,-999,-999,-999,0.148,-999,-999,-999,-999
2017,126,17,0,-999,-999,-999,-999,-999,3,30,29.44444444,29.19,0,419,-999,-999,-999,-999,0.148,-999,-999,-999,-999
2017,126,18,0,-999,-999,-999,-999,-999,3,33,27.77777778,29.19,0,199,-999,-999,-999,-999,0.145,-999,-999,-999,-999
2017,126,19,0,-999,-999,-999,-999,-999,6,36,26.11111111,29.21,0,19,-999,-999,-999,-999,0.145,-999,-999,-999,-999
2017,126,20,0,-999,-999,-999,-999,-999,5,43,24.44444444,29.22,0,0,-999,-999,-999,-999,0.144,-999,-999,-999,-999
2017,126,21,0,-999,-999,-999,-999,-999,5,46,23.33333333,29.23,0,0,-999,-999,-999,-999,0.142,-999,-999,-999,-999
2017,126,22,0,-999,-999,-999,-999,-999,7,50,22.77777778,29.25,0,0,-999,-999,-999,-999,0.14,-999,-999,-999,-999
2017,126,23,0,-999,-999,-999,-999,-999,6,61,21.11111111,29.25,0,0,-999,-999,-999,-999,0.138,-999,-999,-999,-999
2017,127,0,0,-999,-999,-999,-999,-999,3,65,20,29.25,0,0,-999,-999,-999,-999,0.138,-999,-999,-999,-999
2017,127,1,0,-999,-999,-999,-999,-999,3,70,18.88888889,29.24,0,0,-999,-999,-999,-999,0.136,-999,-999,-999,-999
2017,127,2,0,-999,-999,-999,-999,-999,0,75,17.77777778,29.24,0,0,-999,-999,-999,-999,0.139,-999,-999,-999,-999
2017,127,3,0,-999,-999,-999,-999,-999,0,78,17.22222222,29.24,0,0,-999,-999,-999,-999,0.138,-999,-999,-999,-999
2017,127,4,0,-999,-999,-999,-999,-999,0,80,16.66666667,29.25,0,0,-999,-999,-999,-999,0.138,-999,-999,-999,-999
2017,127,5,0,-999,-999,-999,-999,-999,0,80,16.66666667,29.27,0,0,-999,-999,-999,-999,0.137,-999,-999,-999,-999
2017,127,6,0,-999,-999,-999,-999,-999,0,78,17.77777778,29.3,0,19,-999,-999,-999,-999,0.136,-999,-999,-999,-999
2017,127,7,0,-999,-999,-999,-999,-999,6,68,21.11111111,29.31,0,203,-999,-999,-999,-999,0.135,-999,-999,-999,-999
2017,127,8,0,-999,-999,-999,-999,-999,6,52,24.44444444,29.32,0,423,-999,-999,-999,-999,0.136,-999,-999,-999,-999
2017,127,9,0,-999,-999,-999,-999,-999,6,44,26.66666667,29.32,0,622,-999,-999,-999,-999,0.136,-999,-999,-999,-999
2017,127,10,0,-999,-999,-999,-999,-999,8,41,28.33333333,29.31,0,790,-999,-999,-999,-999,0.139,-999,-999,-999,-999
2017,127,11,0,-999,-999,-999,-999,-999,8,40,28.88888889,29.29,0,908,-999,-999,-999,-999,0.14,-999,-999,-999,-999
2017,127,12,0,-999,-999,-999,-999,-999,8,39,30,29.28,0,964,-999,-999,-999,-999,0.143,-999,-999,-999,-999
2017,127,13,0,-999,-999,-999,-999,-999,7,35,31.11111111,29.25,0,967,-999,-999,-999,-999,0.145,-999,-999,-999,-999
2017,127,14,0,-999,-999,-999,-999,-999,7,34,31.11111111,29.23,0,905,-999,-999,-999,-999,0.145,-999,-999,-999,-999
2017,127,15,0,-999,-999,-999,-999,-999,13,37,29.44444444,29.21,0,787,-999,-999,-999,-999,0.147,-999,-999,-999,-999
2017,127,16,0,-999,-999,-999,-999,-999,9,38,28.88888889,29.19,0,552,-999,-999,-999,-999,0.145,-999,-999,-999,-999
2017,127,17,0,-999,-999,-999,-999,-999,9,41,27.77777778,29.2,0,206,-999,-999,-999,-999,0.146,-999,-999,-999,-999
2017,127,18,0,-999,-999,-999,-999,-999,11,47,26.11111111,29.21,0,176,-999,-999,-999,-999,0.143,-999,-999,-999,-999
2017,127,19,0,-999,-999,-999,-999,-999,7,50,25,29.22,0,11,-999,-999,-999,-999,0.143,-999,-999,-999,-999
2017,127,20,0,-999,-999,-999,-999,-999,11,56,23.33333333,29.25,0,0,-999,-999,-999,-999,0.142,-999,-999,-999,-999
2017,127,21,0,-999,-999,-999,-999,-999,9,59,22.22222222,29.27,0,0,-999,-999,-999,-999,0.14,-999,-999,-999,-999
2017,127,22,0,-999,-999,-999,-999,-999,7,68,21.11111111,29.27,0,0,-999,-999,-999,-999,0.138,-999,-999,-999,-999
2017,127,23,0,-999,-999,-999,-999,-999,11,73,20.55555556,29.27,0,0,-999,-999,-999,-999,0.135,-999,-999,-999,-999
2017,128,0,0,-999,-999,-999,-999,-999,5,76,20,29.28,0,0,-999,-999,-999,-999,0.137,-999,-999,-999,-999
2017,128,1,0,-999,-999,-999,-999,-999,6,79,19.44444444,29.27,0,0,-999,-999,-999,-999,0.136,-999,-999,-999,-999
2017,128,2,0,-999,-999,-999,-999,-999,6,76,20,29.26,0,0,-999,-999,-999,-999,0.136,-999,-999,-999,-999
2017,128,3,0,-999,-999,-999,-999,-999,6,88,17.77777778,29.26,0,0,-999,-999,-999,-999,0.135,-999,-999,-999,-999
2017,128,4,0,-999,-999,-999,-999,-999,5,84,18.33333333,29.26,0,0,-999,-999,-999,-999,0.135,-999,-999,-999,-999
2017,128,5,0,-999,-999,-999,-999,-999,3,88,17.77777778,29.27,0,0,-999,-999,-999,-999,0.135,-999,-999,-999,-999
2017,128,6,0,-999,-999,-999,-999,-999,6,87,17.77777778,29.27,0,0,-999,-999,-999,-999,0.135,-999,-999,-999,-999
2017,128,7,0,-999,-999,-999,-999,-999,6,84,18.88888889,29.29,0,170,-999,-999,-999,-999,0.134,-999,-999,-999,-999
2017,128,8,0,-999,-999,-999,-999,-999,10,69,22.77777778,29.31,0,309,-999,-999,-999,-999,0.135,-999,-999,-999,-999
2017,128,9,0,-999,-999,-999,-999,-999,9,62,24.44444444,29.32,0,236,-999,-999,-999,-999,0.135,-999,-999,-999,-999
2017,128,10,0,-999,-999,-999,-999,-999,10,60,25.55555556,29.31,0,259,-999,-999,-999,-999,0.135,-999,-999,-999,-999
2017,128,11,0,-999,-999,-999,-999,-999,11,54,26.66666667,29.3,0,586,-999,-999,-999,-999,0.134,-999,-999,-999,-999
2017,128,12,0,-999,-999,-999,-999,-999,11,54,26.11111111,29.29,0,474,-999,-999,-999,-999,0.136,-999,-999,-999,-999
2017,128,13,0,-999,-999,-999,-999,-999,13,49,27.22222222,29.27,0,481,-999,-999,-999,-999,0.139,-999,-999,-999,-999
2017,128,14,0,-999,-999,-999,-999,-999,9,49,27.77777778,29.25,0,311,-999,-999,-999,-999,0.137,-999,-999,-999,-999
2017,128,15,0,-999,-999,-999,-999,-999,9,49,27.22222222,29.23,0,663,-999,-999,-999,-999,0.138,-999,-999,-999,-999
2017,128,16,0,-999,-999,-999,-999,-999,8,47,27.22222222,29.24,0,147,-999,-999,-999,-999,0.141,-999,-999,-999,-999
2017,128,17,0,-999,-999,-999,-999,-999,11,47,26.66666667,29.24,0,41,-999,-999,-999,-999,0.139,-999,-999,-999,-999
2017,128,18,0,-999,-999,-999,-999,-999,6,56,25.55555556,29.26,0,41,-999,-999,-999,-999,0.14,-999,-999,-999,-999
2017,128,19,0,-999,-999,-999,-999,-999,8,62,24.44444444,29.28,0,0,-999,-999,-999,-999,0.138,-999,-999,-999,-999
2017,128,20,0,-999,-999,-999,-999,-999,6,64,23.33333333,29.28,0,0,-999,-999,-999,-999,0.136,-999,-999,-999,-999
2017,128,21,0,-999,-999,-999,-999,-999,7,71,22.77777778,29.29,0,0,-999,-999,-999,-999,0.136,-999,-999,-999,-999
2017,128,22,0,-999,-999,-999,-999,-999,7,76,21.66666667,29.29,0,0,-999,-999,-999,-999,0.135,-999,-999,-999,-999
2017,128,23,0,-999,-999,-999,-999,-999,6,79,21.11111111,29.29,0,0,-999,-999,-999,-999,0.137,-999,-999,-999,-999
2017,129,0,0,-999,-999,-999,-999,-999,5,84,20.55555556,29.28,0,0,-999,-999,-999,-999,0.135,-999,-999,-999,-999
2017,129,1,0,-999,-999,-999,-999,-999,8,84,20.55555556,29.27,0,0,-999,-999,-999,-999,0.134,-999,-999,-999,-999
2017,129,2,0,-999,-999,-999,-999,-999,5,87,20,29.26,0,0,-999,-999,-999,-999,0.135,-999,-999,-999,-999
2017,129,3,0,-999,-999,-999,-999,-999,5,90,18.88888889,29.25,0,0,-999,-999,-999,-999,0.134,-999,-999,-999,-999
2017,129,4,0,-999,-999,-999,-999,-999,6,87,19.44444444,29.25,0,0,-999,-999,-999,-999,0.133,-999,-999,-999,-999
2017,129,5,0,-999,-999,-999,-999,-999,8,91,19.44444444,29.26,0,0,-999,-999,-999,-999,0.134,-999,-999,-999,-999
2017,129,6,0,-999,-999,-999,-999,-999,7,88,20,29.28,0,0,-999,-999,-999,-999,0.135,-999,-999,-999,-999
2017,129,7,0,-999,-999,-999,-999,-999,5,87,20.55555556,29.29,0,24,-999,-999,-999,-999,0.134,-999,-999,-999,-999
2017,129,8,0,-999,-999,-999,-999,-999,5,87,21.11111111,29.31,0,15,-999,-999,-999,-999,0.132,-999,-999,-999,-999
2017,129,9,0,-999,-999,-999,-999,-999,6,84,22.22222222,29.31,0,22,-999,-999,-999,-999,0.135,-999,-999,-999,-999
2017,129,10,0,-999,-999,-999,-999,-999,5,87,22.22222222,29.31,0,57,-999,-999,-999,-999,0.136,-999,-999,-999,-999
2017,129,11,0,-999,-999,-999,-999,-999,6,85,23.33333333,29.31,0,84,-999,-999,-999,-999,0.136,-999,-999,-999,-999
2017,129,12,0,-999,-999,-999,-999,-999,9,79,24.44444444,29.28,0,60,-999,-999,-999,-999,0.134,-999,-999,-999,-999
2017,129,13,0,-999,-999,-999,-999,-999,7,82,24.44444444,29.27,0,159,-999,-999,-999,-999,0.134,-999,-999,-999,-999
2017,129,14,0,-999,-999,-999,-999,-999,6,88,23.88888889,29.25,0,89,-999,-999,-999,-999,0.134,-999,-999,-999,-999
2017,129,15,0,-999,-999,-999,-999,-999,5,88,23.88888889,29.24,0.254,91,-999,-999,-999,-999,0.135,-999,-999,-999,-999
2017,129,16,0,-999,-999,-999,-999,-999,5,88,23.88888889,29.22,0,54,-999,-999,-999,-999,0.137,-999,-999,-999,-999
2017,129,17,0,-999,-999,-999,-999,-999,5,91,23.33333333,29.22,0,52,-999,-999,-999,-999,0.137,-999,-999,-999,-999
2017,129,18,0,-999,-999,-999,-999,-999,3,90,22.77777778,29.22,0,39,-999,-999,-999,-999,0.136,-999,-999,-999,-999
2017,129,19,0,-999,-999,-999,-999,-999,7,85,23.33333333,29.23,0,0,-999,-999,-999,-999,0.137,-999,-999,-999,-999
2017,129,20,0,-999,-999,-999,-999,-999,9,81,22.77777778,29.25,0,0,-999,-999,-999,-999,0.136,-999,-999,-999,-999
2017,129,21,0,-999,-999,-999,-999,-999,5,81,22.77777778,29.25,0,0,-999,-999,-999,-999,0.136,-999,-999,-999,-999
2017,129,22,0,-999,-999,-999,-999,-999,7,84,22.22222222,29.27,0,0,-999,-999,-999,-999,0.134,-999,-999,-999,-999
2017,129,23,0,-999,-999,-999,-999,-999,8,84,22.22222222,29.27,0,0,-999,-999,-999,-999,0.136,-999,-999,-999,-999
2017,130,0,0,-999,-999,-999,-999,-999,10,84,22.22222222,29.24,0,0,-999,-999,-999,-999,0.134,-999,-999,-999,-999
2017,130,1,0,-999,-999,-999,-999,-999,7,87,22.22222222,29.21,0,0,-999,-999,-999,-999,0.135,-999,-999,-999,-999
2017,130,2,0,-999,-999,-999,-999,-999,5,87,22.22222222,29.2,0,0,-999,-999,-999,-999,0.134,-999,-999,-999,-999
2017,130,3,0,-999,-999,-999,-999,-999,7,90,21.66666667,29.19,0,0,-999,-999,-999,-999,0.134,-999,-999,-999,-999
2017,130,4,0,-999,-999,-999,-999,-999,6,90,21.66666667,29.19,0,0,-999,-999,-999,-999,0.134,-999,-999,-999,-999
2017,130,5,0,-999,-999,-999,-999,-999,7,90,21.66666667,29.19,0,0,-999,-999,-999,-999,0.135,-999,-999,-999,-999
2017,130,6,0,-999,-999,-999,-999,-999,6,84,22.77777778,29.21,0,0,-999,-999,-999,-999,0.135,-999,-999,-999,-999
2017,130,7,0,-999,-999,-999,-999,-999,8,87,22.77777778,29.22,0,38,-999,-999,-999,-999,0.137,-999,-999,-999,-999
2017,130,8,0,-999,-999,-999,-999,-999,7,85,23.33333333,29.22,0,124,-999,-999,-999,-999,0.135,-999,-999,-999,-999
2017,130,9,0,-999,-999,-999,-999,-999,8,82,23.88888889,29.23,0,74,-999,-999,-999,-999,0.136,-999,-999,-999,-999
2017,130,10,0,-999,-999,-999,-999,-999,5,76,25.55555556,29.24,0,542,-999,-999,-999,-999,0.135,-999,-999,-999,-999
2017,130,11,0,-999,-999,-999,-999,-999,5,74,25.55555556,29.23,0,73,-999,-999,-999,-999,0.136,-999,-999,-999,-999
2017,130,12,0,-999,-999,-999,-999,-999,7,67,27.22222222,29.23,0,222,-999,-999,-999,-999,0.138,-999,-999,-999,-999
2017,130,13,0,-999,-999,-999,-999,-999,3,65,27.77777778,29.21,0,241,-999,-999,-999,-999,0.135,-999,-999,-999,-999
2017,130,14,0,-999,-999,-999,-999,-999,8,69,26.66666667,29.21,0,111,-999,-999,-999,-999,0.141,-999,-999,-999,-999
2017,130,15,0,-999,-999,-999,-999,-999,7,67,26.66666667,29.19,0,284,-999,-999,-999,-999,0.138,-999,-999,-999,-999
2017,130,16,0,-999,-999,-999,-999,-999,7,62,26.66666667,29.19,0,363,-999,-999,-999,-999,0.138,-999,-999,-999,-999
2017,130,17,0,-999,-999,-999,-999,-999,10,62,26.66666667,29.18,0,327,-999,-999,-999,-999,0.138,-999,-999,-999,-999
2017,130,18,0,-999,-999,-999,-999,-999,8,67,26.11111111,29.19,0,48,-999,-999,-999,-999,0.138,-999,-999,-999,-999
2017,130,19,0,-999,-999,-999,-999,-999,3,69,25,29.22,0,0,-999,-999,-999,-999,0.138,-999,-999,-999,-999
2017,130,20,0,-999,-999,-999,-999,-999,8,74,24.44444444,29.24,0,0,-999,-999,-999,-999,0.138,-999,-999,-999,-999
2017,130,21,0,-999,-999,-999,-999,-999,10,79,23.33333333,29.24,0,0,-999,-999,-999,-999,0.139,-999,-999,-999,-999
2017,130,22,0,-999,-999,-999,-999,-999,8,81,22.77777778,29.24,0,0,-999,-999,-999,-999,0.136,-999,-999,-999,-999
2017,130,23,0,-999,-999,-999,-999,-999,6,81,22.77777778,29.25,0,0,-999,-999,-999,-999,0.138,-999,-999,-999,-999
2017,131,0,0,-999,-999,-999,-999,-999,6,84,22.77777778,29.21,0,0,-999,-999,-999,-999,0.138,-999,-999,-999,-999
2017,131,1,0,-999,-999,-999,-999,-999,6,87,22.77777778,29.18,0,0,-999,-999,-999,-999,0.138,-999,-999,-999,-999
2017,131,2,0,-999,-999,-999,-999,-999,5,87,22.77777778,29.2,0,0,-999,-999,-999,-999,0.137,-999,-999,-999,-999
2017,131,3,0,-999,-999,-999,-999,-999,3,87,22.77777778,29.2,0,0,-999,-999,-999,-999,0.137,-999,-999,-999,-999
2017,131,4,0,-999,-999,-999,-999,-999,0,91,22.22222222,29.2,0,0,-999,-999,-999,-999,0.137,-999,-999,-999,-999
2017,131,5,0,-999,-999,-999,-999,-999,0,87,22.77777778,29.22,0,0,-999,-999,-999,-999,0.137,-999,-999,-999,-999
2017,131,6,0,-999,-999,-999,-999,-999,0,87,22.77777778,29.24,0,0,-999,-999,-999,-999,0.138,-999,-999,-999,-999
2017,131,7,0,-999,-999,-999,-999,-999,0,85,23.33333333,29.25,0,76,-999,-999,-999,-999,0.137,-999,-999,-999,-999
2017,131,8,0,-999,-999,-999,-999,-999,6,85,23.33333333,29.24,0,238,-999,-999,-999,-999,0.137,-999,-999,-999,-999
2017,131,9,0,-999,-999,-999,-999,-999,3,77,25,29.23,0,161,-999,-999,-999,-999,0.136,-999,-999,-999,-999
2017,131,10,0,-999,-999,-999,-999,-999,6,74,25.55555556,29.23,0,218,-999,-999,-999,-999,0.139,-999,-999,-999,-999
2017,131,11,0,-999,-999,-999,-999,-999,0,72,27.22222222,29.2,0,402,-999,-999,-999,-999,0.138,-999,-999,-999,-999
2017,131,12,0,-999,-999,-999,-999,-999,5,61,28.33333333,29.18,0,264,-999,-999,-999,-999,0.139,-999,-999,-999,-999
2017,131,13,0,-999,-999,-999,-999,-999,6,57,28.88888889,29.17,0,372,-999,-999,-999,-999,0.139,-999,-999,-999,-999
2017,131,14,0,-999,-999,-999,-999,-999,5,53,30.55555556,29.15,0,291,-999,-999,-999,-999,0.141,-999,-999,-999,-999
2017,131,15,0,-999,-999,-999,-999,-999,3,61,30,29.12,0,22,-999,-999,-999,-999,0.142,-999,-999,-999,-999
2017,131,16,0,-999,-999,-999,-999,-999,3,63,28.88888889,29.12,0,141,-999,-999,-999,-999,0.229,-999,-999,-999,-999
2017,131,17,0,-999,-999,-999,-999,-999,3,91,23.33333333,29.12,0,166,-999,-999,-999,-999,0.242,-999,-999,-999,-999
2017,131,18,0,-999,-999,-999,-999,-999,0,90,23.88888889,29.12,0,185,-999,-999,-999,-999,0.238,-999,-999,-999,-999
2017,131,19,0,-999,-999,-999,-999,-999,0,94,23.33333333,29.15,0,15,-999,-999,-999,-999,0.238,-999,-999,-999,-999
2017,131,20,0,-999,-999,-999,-999,-999,0,94,22.77777778,29.16,0,0,-999,-999,-999,-999,0.235,-999,-999,-999,-999
2017,131,21,0,-999,-999,-999,-999,-999,0,94,22.77777778,29.19,0,0,-999,-999,-999,-999,0.232,-999,-999,-999,-999
2017,131,22,0,-999,-999,-999,-999,-999,0,94,22.22222222,29.19,0,0,-999,-999,-999,-999,0.234,-999,-999,-999,-999
2017,131,23,0,-999,-999,-999,-999,-999,0,94,22.22222222,29.18,0,0,-999,-999,-999,-999,0.232,-999,-999,-999,-999
2017,132,0,0,-999,-999,-999,-999,-999,5,94,22.22222222,29.2,0,0,-999,-999,-999,-999,0.231,-999,-999,-999,-999
2017,132,1,0,-999,-999,-999,-999,-999,0,94,22.22222222,29.19,0,0,-999,-999,-999,-999,0.227,-999,-999,-999,-999
2017,132,2,0,-999,-999,-999,-999,-999,5,68,21.66666667,29.2,0,0,-999,-999,-999,-999,0.228,-999,-999,-999,-999
2017,132,3,0,-999,-999,-999,-999,-999,3,78,17.77777778,29.21,0,0,-999,-999,-999,-999,0.227,-999,-999,-999,-999
2017,132,4,0,-999,-999,-999,-999,-999,6,68,18.33333333,29.22,0,0,-999,-999,-999,-999,0.226,-999,-999,-999,-999
2017,132,5,0,-999,-999,-999,-999,-999,5,70,17.77777778,29.24,0,0,-999,-999,-999,-999,0.226,-999,-999,-999,-999
2017,132,6,0,-999,-999,-999,-999,-999,5,70,18.33333333,29.25,0,29,-999,-999,-999,-999,0.224,-999,-999,-999,-999
2017,132,7,0,-999,-999,-999,-999,-999,7,65,20,29.27,0,212,-999,-999,-999,-999,0.222,-999,-999,-999,-999
2017,132,8,0,-999,-999,-999,-999,-999,10,59,22.22222222,29.27,0,427,-999,-999,-999,-999,0.222,-999,-999,-999,-999
2017,132,9,0,-999,-999,-999,-999,-999,9,52,23.88888889,29.28,0,625,-999,-999,-999,-999,0.221,-999,-999,-999,-999
2017,132,10,0,-999,-999,-999,-999,-999,11,45,25.55555556,29.27,0,809,-999,-999,-999,-999,0.222,-999,-999,-999,-999
2017,132,11,0,-999,-999,-999,-999,-999,8,38,27.77777778,29.24,0,905,-999,-999,-999,-999,0.224,-999,-999,-999,-999
2017,132,12,0,-999,-999,-999,-999,-999,9,32,30.55555556,29.22,0,963,-999,-999,-999,-999,0.224,-999,-999,-999,-999
2017,132,13,0,-999,-999,-999,-999,-999,6,31,30.55555556,29.2,0,451,-999,-999,-999,-999,0.226,-999,-999,-999,-999
2017,132,14,0,-999,-999,-999,-999,-999,9,30,30.55555556,29.18,0,845,-999,-999,-999,-999,0.224,-999,-999,-999,-999
2017,132,15,0,-999,-999,-999,-999,-999,10,30,30.55555556,29.16,0,792,-999,-999,-999,-999,0.224,-999,-999,-999,-999
2017,132,16,0,-999,-999,-999,-999,-999,9,29,30.55555556,29.15,0,622,-999,-999,-999,-999,0.222,-999,-999,-999,-999
2017,132,17,0,-999,-999,-999,-999,-999,10,31,28.88888889,29.16,0,427,-999,-999,-999,-999,0.222,-999,-999,-999,-999
2017,132,18,0,-999,-999,-999,-999,-999,7,35,27.22222222,29.17,0,206,-999,-999,-999,-999,0.221,-999,-999,-999,-999
2017,132,19,0,-999,-999,-999,-999,-999,6,38,26.11111111,29.18,0,27,-999,-999,-999,-999,0.218,-999,-999,-999,-999
2017,132,20,0,-999,-999,-999,-999,-999,6,40,25,29.2,0,0,-999,-999,-999,-999,0.217,-999,-999,-999,-999
2017,132,21,0,-999,-999,-999,-999,-999,5,45,23.33333333,29.22,0,0,-999,-999,-999,-999,0.217,-999,-999,-999,-999
2017,132,22,0,-999,-999,-999,-999,-999,6,48,22.22222222,29.23,0,0,-999,-999,-999,-999,0.214,-999,-999,-999,-999
2017,132,23,0,-999,-999,-999,-999,-999,6,53,21.11111111,29.24,0,0,-999,-999,-999,-999,0.214,-999,-999,-999,-999
2017,133,0,0,-999,-999,-999,-999,-999,5,57,20,29.25,0,0,-999,-999,-999,-999,0.214,-999,-999,-999,-999
2017,133,1,0,-999,-999,-999,-999,-999,0,73,17.77777778,29.24,0,0,-999,-999,-999,-999,0.212,-999,-999,-999,-999
2017,133,2,0,-999,-999,-999,-999,-999,0,78,16.11111111,29.25,0,0,-999,-999,-999,-999,0.212,-999,-999,-999,-999
2017,133,3,0,-999,-999,-999,-999,-999,0,75,16.11111111,29.25,0,0,-999,-999,-999,-999,0.211,-999,-999,-999,-999
2017,133,4,0,-999,-999,-999,-999,-999,0,83,15,29.24,0,0,-999,-999,-999,-999,0.21,-999,-999,-999,-999
2017,133,5,0,-999,-999,-999,-999,-999,0,81,15,29.26,0,0,-999,-999,-999,-999,0.209,-999,-999,-999,-999
2017,133,6,0,-999,-999,-999,-999,-999,0,70,17.77777778,29.28,0,27,-999,-999,-999,-999,0.207,-999,-999,-999,-999
2017,133,7,0,-999,-999,-999,-999,-999,3,63,20.55555556,29.29,0,211,-999,-999,-999,-999,0.208,-999,-999,-999,-999
2017,133,8,0,-999,-999,-999,-999,-999,6,54,23.33333333,29.29,0,427,-999,-999,-999,-999,0.208,-999,-999,-999,-999
2017,133,9,0,-999,-999,-999,-999,-999,0,48,25,29.29,0,633,-999,-999,-999,-999,0.208,-999,-999,-999,-999
2017,133,10,0,-999,-999,-999,-999,-999,-999,42,27.22222222,29.28,0,795,-999,-999,-999,-999,0.208,-999,-999,-999,-999
2017,133,11,0,-999,-999,-999,-999,-999,0,37,29.44444444,29.25,0,907,-999,-999,-999,-999,0.212,-999,-999,-999,-999
2017,133,12,0,-999,-999,-999,-999,-999,3,33,30,29.24,0,979,-999,-999,-999,-999,0.213,-999,-999,-999,-999
2017,133,13,0,-999,-999,-999,-999,-999,6,31,30.55555556,29.22,0,973,-999,-999,-999,-999,0.214,-999,-999,-999,-999
2017,133,14,0,-999,-999,-999,-999,-999,0,28,31.66666667,29.19,0,908,-999,-999,-999,-999,0.213,-999,-999,-999,-999
2017,133,15,0,-999,-999,-999,-999,-999,3,30,31.11111111,29.17,0,797,-999,-999,-999,-999,0.214,-999,-999,-999,-999
2017,133,16,0,-999,-999,-999,-999,-999,7,33,30,29.16,0,631,-999,-999,-999,-999,0.213,-999,-999,-999,-999
2017,133,17,0,-999,-999,-999,-999,-999,7,36,28.33333333,29.16,0,434,-999,-999,-999,-999,0.213,-999,-999,-999,-999
2017,133,18,0,-999,-999,-999,-999,-999,3,39,27.22222222,29.16,0,210,-999,-999,-999,-999,0.211,-999,-999,-999,-999
2017,133,19,0,-999,-999,-999,-999,-999,5,45,25.55555556,29.17,0,31,-999,-999,-999,-999,0.21,-999,-999,-999,-999
2017,133,20,0,-999,-999,-999,-999,-999,3,52,24.44444444,29.17,0,0,-999,-999,-999,-999,0.207,-999,-999,-999,-999
2017,133,21,0,-999,-999,-999,-999,-999,5,55,23.88888889,29.2,0,0,-999,-999,-999,-999,0.207,-999,-999,-999,-999
2017,133,22,0,-999,-999,-999,-999,-999,0,61,22.22222222,29.22,0,0,-999,-999,-999,-999,0.205,-999,-999,-999,-999
2017,133,23,0,-999,-999,-999,-999,-999,0,70,20.55555556,29.23,0,0,-999,-999,-999,-999,0.203,-999,-999,-999,-999
2017,134,0,0,-999,-999,-999,-999,-999,0,73,20,29.21,0,0,-999,-999,-999,-999,0.203,-999,-999,-999,-999
2017,134,1,0,-999,-999,-999,-999,-999,0,81,17.77777778,29.21,0,0,-999,-999,-999,-999,0.201,-999,-999,-999,-999
2017,134,2,0,-999,-999,-999,-999,-999,0,81,17.77777778,29.21,0,0,-999,-999,-999,-999,0.2,-999,-999,-999,-999
2017,134,3,0,-999,-999,-999,-999,-999,0,84,17.22222222,29.21,0,0,-999,-999,-999,-999,0.202,-999,-999,-999,-999
2017,134,4,0,-999,-999,-999,-999,-999,0,87,17.22222222,29.21,0,0,-999,-999,-999,-999,0.2,-999,-999,-999,-999
2017,134,5,0,-999,-999,-999,-999,-999,0,87,17.22222222,29.23,0,0,-999,-999,-999,-999,0.198,-999,-999,-999,-999
2017,134,6,0,-999,-999,-999,-999,-999,0,81,18.88888889,29.26,0,30,-999,-999,-999,-999,0.199,-999,-999,-999,-999
2017,134,7,0,-999,-999,-999,-999,-999,6,71,22.22222222,29.27,0,211,-999,-999,-999,-999,0.198,-999,-999,-999,-999
2017,134,8,0,-999,-999,-999,-999,-999,5,64,25.55555556,29.28,0,425,-999,-999,-999,-999,0.197,-999,-999,-999,-999
2017,134,9,0,-999,-999,-999,-999,-999,7,55,27.77777778,29.27,0,622,-999,-999,-999,-999,0.198,-999,-999,-999,-999
2017,134,10,0,-999,-999,-999,-999,-999,8,46,30,29.26,0,785,-999,-999,-999,-999,0.199,-999,-999,-999,-999
2017,134,11,0,-999,-999,-999,-999,-999,9,43,30.55555556,29.25,0,908,-999,-999,-999,-999,0.201,-999,-999,-999,-999
2017,134,12,0,-999,-999,-999,-999,-999,6,39,32.22222222,29.23,0,958,-999,-999,-999,-999,0.204,-999,-999,-999,-999
2017,134,13,0,-999,-999,-999,-999,-999,-999,38,33.33333333,29.21,0,953,-999,-999,-999,-999,0.205,-999,-999,-999,-999
2017,134,14,0,-999,-999,-999,-999,-999,6,37,33.33333333,29.19,0,782,-999,-999,-999,-999,0.206,-999,-999,-999,-999
2017,134,15,0,-999,-999,-999,-999,-999,9,36,33.33333333,29.17,0,820,-999,-999,-999,-999,0.206,-999,-999,-999,-999
2017,134,16,0,-999,-999,-999,-999,-999,7,37,32.77777778,29.16,0,633,-999,-999,-999,-999,0.207,-999,-999,-999,-999
2017,134,17,0,-999,-999,-999,-999,-999,7,40,31.11111111,29.15,0,193,-999,-999,-999,-999,0.207,-999,-999,-999,-999
2017,134,18,0,-999,-999,-999,-999,-999,7,43,29.44444444,29.16,0,204,-999,-999,-999,-999,0.204,-999,-999,-999,-999
2017,134,19,0,-999,-999,-999,-999,-999,6,48,28.33333333,29.17,0,27,-999,-999,-999,-999,0.202,-999,-999,-999,-999
2017,134,20,0,-999,-999,-999,-999,-999,8,54,26.66666667,29.2,0,0,-999,-999,-999,-999,0.202,-999,-999,-999,-999
2017,134,21,0,-999,-999,-999,-999,-999,5,60,25,29.23,0,0,-999,-999,-999,-999,0.198,-999,-999,-999,-999
2017,134,22,0,-999,-999,-999,-999,-999,7,66,23.88888889,29.24,0,0,-999,-999,-999,-999,0.199,-999,-999,-999,-999
2017,134,23,0,-999,-999,-999,-999,-999,8,73,22.22222222,29.24,0,0,-999,-999,-999,-999,0.197,-999,-999,-999,-999
2017,135,0,0,-999,-999,-999,-999,-999,6,79,21.66666667,29.24,0,0,-999,-999,-999,-999,0.197,-999,-999,-999,-999
2017,135,1,0,-999,-999,-999,-999,-999,5,84,20.55555556,29.24,0,0,-999,-999,-999,-999,0.193,-999,-999,-999,-999
2017,135,2,0,-999,-999,-999,-999,-999,6,83,21.11111111,29.22,0,0,-999,-999,-999,-999,0.194,-999,-999,-999,-999
2017,135,3,0,-999,-999,-999,-999,-999,5,87,20.55555556,29.21,0,0,-999,-999,-999,-999,0.192,-999,-999,-999,-999
2017,135,4,0,-999,-999,-999,-999,-999,0,90,20,29.21,0,0,-999,-999,-999,-999,0.193,-999,-999,-999,-999
2017,135,5,0,-999,-999,-999,-999,-999,0,91,19.44444444,29.22,0,0,-999,-999,-999,-999,0.191,-999,-999,-999,-999
2017,135,6,0,-999,-999,-999,-999,-999,0,88,20,29.25,0,25,-999,-999,-999,-999,0.191,-999,-999,-999,-999
2017,135,7,0,-999,-999,-999,-999,-999,5,84,21.66666667,29.26,0,90,-999,-999,-999,-999,0.191,-999,-999,-999,-999
2017,135,8,0,-999,-999,-999,-999,-999,9,71,23.88888889,29.26,0,390,-999,-999,-999,-999,0.191,-999,-999,-999,-999
2017,135,9,0,-999,-999,-999,-999,-999,5,65,26.11111111,29.26,0,627,-999,-999,-999,-999,0.192,-999,-999,-999,-999
2017,135,10,0,-999,-999,-999,-999,-999,7,53,28.33333333,29.25,0,779,-999,-999,-999,-999,0.193,-999,-999,-999,-999
2017,135,11,0,-999,-999,-999,-999,-999,7,46,30.55555556,29.24,0,887,-999,-999,-999,-999,0.195,-999,-999,-999,-999
2017,135,12,0,-999,-999,-999,-999,-999,6,43,31.66666667,29.21,0,963,-999,-999,-999,-999,0.197,-999,-999,-999,-999
2017,135,13,0,-999,-999,-999,-999,-999,9,41,32.77777778,29.19,0,982,-999,-999,-999,-999,0.198,-999,-999,-999,-999
2017,135,14,0,-999,-999,-999,-999,-999,8,43,31.66666667,29.16,0,889,-999,-999,-999,-999,0.198,-999,-999,-999,-999
2017,135,15,0,-999,-999,-999,-999,-999,9,41,32.77777778,29.15,0,280,-999,-999,-999,-999,0.201,-999,-999,-999,-999
2017,135,16,0,-999,-999,-999,-999,-999,8,45,31.11111111,29.15,0,474,-999,-999,-999,-999,0.2,-999,-999,-999,-999
2017,135,17,0,-999,-999,-999,-999,-999,9,46,30.55555556,29.13,0,308,-999,-999,-999,-999,0.199,-999,-999,-999,-999
2017,135,18,0,-999,-999,-999,-999,-999,14,53,28.88888889,29.15,0,137,-999,-999,-999,-999,0.198,-999,-999,-999,-999
2017,135,19,0,-999,-999,-999,-999,-999,9,57,27.22222222,29.16,0,25,-999,-999,-999,-999,0.195,-999,-999,-999,-999
2017,135,20,0,-999,-999,-999,-999,-999,11,58,26.11111111,29.17,0,0,-999,-999,-999,-999,0.192,-999,-999,-999,-999
2017,135,21,0,-999,-999,-999,-999,-999,8,67,24.44444444,29.2,0,0,-999,-999,-999,-999,0.193,-999,-999,-999,-999
2017,135,22,0,-999,-999,-999,-999,-999,8,71,23.33333333,29.2,0,0,-999,-999,-999,-999,0.193,-999,-999,-999,-999
2017,135,23,0,-999,-999,-999,-999,-999,9,79,22.22222222,29.19,0,0,-999,-999,-999,-999,0.191,-999,-999,-999,-999
2017,136,0,0,-999,-999,-999,-999,-999,7,83,22.22222222,29.18,0,0,-999,-999,-999,-999,0.19,-999,-999,-999,-999
2017,136,1,0,-999,-999,-999,-999,-999,6,84,21.66666667,29.16,0,0,-999,-999,-999,-999,0.19,-999,-999,-999,-999
2017,136,2,0,-999,-999,-999,-999,-999,7,87,21.11111111,29.15,0,0,-999,-999,-999,-999,0.189,-999,-999,-999,-999
2017,136,3,0,-999,-999,-999,-999,-999,7,87,21.11111111,29.16,0,0,-999,-999,-999,-999,0.187,-999,-999,-999,-999
2017,136,4,0,-999,-999,-999,-999,-999,6,84,21.66666667,29.16,0,0,-999,-999,-999,-999,0.187,-999,-999,-999,-999
2017,136,5,0,-999,-999,-999,-999,-999,5,84,21.66666667,29.16,0,0,-999,-999,-999,-999,0.185,-999,-999,-999,-999
2017,136,6,0,-999,-999,-999,-999,-999,7,84,21.66666667,29.17,0,15,-999,-999,-999,-999,0.186,-999,-999,-999,-999
2017,136,7,0,-999,-999,-999,-999,-999,7,84,22.22222222,29.17,0,43,-999,-999,-999,-999,0.186,-999,-999,-999,-999
2017,136,8,0,-999,-999,-999,-999,-999,7,76,23.88888889,29.16,0,38,-999,-999,-999,-999,0.186,-999,-999,-999,-999
2017,136,9,0,-999,-999,-999,-999,-999,7,72,24.44444444,29.16,0,81,-999,-999,-999,-999,0.186,-999,-999,-999,-999
2017,136,10,0,-999,-999,-999,-999,-999,6,67,26.11111111,29.15,0,147,-999,-999,-999,-999,0.186,-999,-999,-999,-999
2017,136,11,0,-999,-999,-999,-999,-999,13,64,26.66666667,29.15,0,165,-999,-999,-999,-999,0.187,-999,-999,-999,-999
2017,136,12,0,-999,-999,-999,-999,-999,10,60,27.77777778,29.12,0,158,-999,-999,-999,-999,0.186,-999,-999,-999,-999
2017,136,13,0,-999,-999,-999,-999,-999,11,60,27.77777778,29.09,0,343,-999,-999,-999,-999,0.185,-999,-999,-999,-999
2017,136,14,0,-999,-999,-999,-999,-999,7,57,30,29.07,0,87,-999,-999,-999,-999,0.186,-999,-999,-999,-999
2017,136,15,0,-999,-999,-999,-999,-999,10,57,29.44444444,29.05,0,58,-999,-999,-999,-999,0.186,-999,-999,-999,-999
2017,136,16,0,-999,-999,-999,-999,-999,7,63,27.77777778,29.06,0,119,-999,-999,-999,-999,0.186,-999,-999,-999,-999
2017,136,17,0,-999,-999,-999,-999,-999,13,64,26.66666667,29.05,0,80,-999,-999,-999,-999,0.185,-999,-999,-999,-999
2017,136,18,0,-999,-999,-999,-999,-999,13,67,26.11111111,29.04,0,9,-999,-999,-999,-999,0.185,-999,-999,-999,-999
2017,136,19,0,-999,-999,-999,-999,-999,10,69,25.55555556,29.05,0,0,-999,-999,-999,-999,0.186,-999,-999,-999,-999
2017,136,20,0,-999,-999,-999,-999,-999,13,69,25,29.06,0,0,-999,-999,-999,-999,0.184,-999,-999,-999,-999
2017,136,21,0,-999,-999,-999,-999,-999,11,72,24.44444444,29.05,0,0,-999,-999,-999,-999,0.185,-999,-999,-999,-999
2017,136,22,0,-999,-999,-999,-999,-999,14,76,23.33333333,29.03,0,0,-999,-999,-999,-999,0.185,-999,-999,-999,-999
2017,136,23,0,-999,-999,-999,-999,-999,11,76,23.33333333,29.02,0,0,-999,-999,-999,-999,0.185,-999,-999,-999,-999
2017,137,0,0,-999,-999,-999,-999,-999,9,76,23.33333333,29.01,0,0,-999,-999,-999,-999,0.183,-999,-999,-999,-999
2017,137,1,0,-999,-999,-999,-999,-999,10,79,23.33333333,29.01,0,0,-999,-999,-999,-999,0.183,-999,-999,-999,-999
2017,137,2,0,-999,-999,-999,-999,-999,7,79,23.33333333,29.02,0,0,-999,-999,-999,-999,0.18,-999,-999,-999,-999
2017,137,3,0,-999,-999,-999,-999,-999,7,82,23.33333333,29.03,0,0,-999,-999,-999,-999,0.181,-999,-999,-999,-999
2017,137,4,0,-999,-999,-999,-999,-999,3,82,23.33333333,29.05,0,0,-999,-999,-999,-999,0.181,-999,-999,-999,-999
2017,137,5,0,-999,-999,-999,-999,-999,0,94,22.22222222,29.08,0.0635,0,-999,-999,-999,-999,0.182,-999,-999,-999,-999
2017,137,6,0,-999,-999,-999,-999,-999,0,94,22.22222222,29.1,0.02116667,0,-999,-999,-999,-999,0.18,-999,-999,-999,-999
2017,137,7,0,-999,-999,-999,-999,-999,3,94,21.66666667,29.12,0,20,-999,-999,-999,-999,0.181,-999,-999,-999,-999
2017,137,8,0,-999,-999,-999,-999,-999,0,97,21.11111111,29.13,0,120,-999,-999,-999,-999,0.182,-999,-999,-999,-999
2017,137,9,0,-999,-999,-999,-999,-999,0,94,22.22222222,29.13,0,204,-999,-999,-999,-999,0.181,-999,-999,-999,-999
2017,137,10,0,-999,-999,-999,-999,-999,0,84,23.88888889,29.13,0,448,-999,-999,-999,-999,0.179,-999,-999,-999,-999
2017,137,11,0,-999,-999,-999,-999,-999,3,74,26.11111111,29.13,0,768,-999,-999,-999,-999,0.182,-999,-999,-999,-999
2017,137,12,0,-999,-999,-999,-999,-999,0,63,27.77777778,29.1,0,952,-999,-999,-999,-999,0.184,-999,-999,-999,-999
2017,137,13,0,-999,-999,-999,-999,-999,3,35,31.66666667,29.09,0,952,-999,-999,-999,-999,0.185,-999,-999,-999,-999
2017,137,14,0,-999,-999,-999,-999,-999,9,39,30.55555556,29.07,0,897,-999,-999,-999,-999,0.186,-999,-999,-999,-999
2017,137,15,0,-999,-999,-999,-999,-999,10,43,30.55555556,29.05,0,791,-999,-999,-999,-999,0.187,-999,-999,-999,-999
2017,137,16,0,-999,-999,-999,-999,-999,11,67,28.33333333,29.05,0,624,-999,-999,-999,-999,0.188,-999,-999,-999,-999
2017,137,17,0,-999,-999,-999,-999,-999,8,72,27.22222222,29.06,0,430,-999,-999,-999,-999,0.188,-999,-999,-999,-999
2017,137,18,0,-999,-999,-999,-999,-999,7,79,26.11111111,29.06,0,211,-999,-999,-999,-999,0.187,-999,-999,-999,-999
2017,137,19,0,-999,-999,-999,-999,-999,8,90,25,29.08,0,29,-999,-999,-999,-999,0.185,-999,-999,-999,-999
2017,137,20,0,-999,-999,-999,-999,-999,7,91,24.44444444,29.1,0,0,-999,-999,-999,-999,0.184,-999,-999,-999,-999
2017,137,21,0,-999,-999,-999,-999,-999,7,94,23.88888889,29.12,0,0,-999,-999,-999,-999,0.182,-999,-999,-999,-999
2017,137,22,0,-999,-999,-999,-999,-999,6,97,23.33333333,29.12,0,0,-999,-999,-999,-999,0.183,-999,-999,-999,-999
2017,137,23,0,-999,-999,-999,-999,-999,7,96,22.77777778,29.1,0,0,-999,-999,-999,-999,0.18,-999,-999,-999,-999
2017,138,0,0,-999,-999,-999,-999,-999,8,94,23.33333333,29.1,0,0,-999,-999,-999,-999,0.181,-999,-999,-999,-999
2017,138,1,0,-999,-999,-999,-999,-999,6,89,23.88888889,29.09,0,0,-999,-999,-999,-999,0.181,-999,-999,-999,-999
2017,138,2,0,-999,-999,-999,-999,-999,6,90,23.88888889,29.08,0,0,-999,-999,-999,-999,0.181,-999,-999,-999,-999
2017,138,3,0,-999,-999,-999,-999,-999,5,90,23.88888889,29.08,0,0,-999,-999,-999,-999,0.179,-999,-999,-999,-999
2017,138,4,0,-999,-999,-999,-999,-999,6,91,24.44444444,29.07,0,0,-999,-999,-999,-999,0.179,-999,-999,-999,-999
2017,138,5,0,-999,-999,-999,-999,-999,8,88,24.44444444,29.07,0,0,-999,-999,-999,-999,0.179,-999,-999,-999,-999
2017,138,6,0,-999,-999,-999,-999,-999,8,88,24.44444444,29.08,0,13,-999,-999,-999,-999,0.18,-999,-999,-999,-999
2017,138,7,0,-999,-999,-999,-999,-999,6,88,25,29.09,0,61,-999,-999,-999,-999,0.179,-999,-999,-999,-999
2017,138,8,0,-999,-999,-999,-999,-999,5,85,25.55555556,29.1,0,217,-999,-999,-999,-999,0.179,-999,-999,-999,-999
2017,138,9,0,-999,-999,-999,-999,-999,6,84,26.11111111,29.1,0,213,-999,-999,-999,-999,0.179,-999,-999,-999,-999
2017,138,10,0,-999,-999,-999,-999,-999,6,72,27.77777778,29.1,0,303,-999,-999,-999,-999,0.18,-999,-999,-999,-999
2017,138,11,0,-999,-999,-999,-999,-999,6,72,27.77777778,29.12,0,406,-999,-999,-999,-999,0.18,-999,-999,-999,-999
2017,138,12,0,-999,-999,-999,-999,-999,10,57,31.11111111,29.1,0,671,-999,-999,-999,-999,0.181,-999,-999,-999,-999
2017,138,13,0,-999,-999,-999,-999,-999,9,52,32.22222222,29.07,0,640,-999,-999,-999,-999,0.183,-999,-999,-999,-999
2017,138,14,0,-999,-999,-999,-999,-999,9,50,32.77777778,29.05,0,731,-999,-999,-999,-999,0.185,-999,-999,-999,-999
2017,138,15,0,-999,-999,-999,-999,-999,15,50,32.22222222,29.04,0,218,-999,-999,-999,-999,0.183,-999,-999,-999,-999
2017,138,16,0,-999,-999,-999,-999,-999,13,48,32.22222222,29.03,0,196,-999,-999,-999,-999,0.187,-999,-999,-999,-999
2017,138,17,0,-999,-999,-999,-999,-999,13,52,31.11111111,29.02,0,267,-999,-999,-999,-999,0.185,-999,-999,-999,-999
2017,138,18,0,-999,-999,-999,-999,-999,14,53,30.55555556,28.99,0,100,-999,-999,-999,-999,0.182,-999,-999,-999,-999
2017,138,19,0,-999,-999,-999,-999,-999,15,51,29.44444444,29.03,0,6,-999,-999,-999,-999,0.181,-999,-999,-999,-999
2017,138,20,0,-999,-999,-999,-999,-999,14,60,27.77777778,29.04,0,0,-999,-999,-999,-999,0.18,-999,-999,-999,-999
2017,138,21,0,-999,-999,-999,-999,-999,11,69,26.66666667,29.07,0,0,-999,-999,-999,-999,0.181,-999,-999,-999,-999
2017,138,22,0,-999,-999,-999,-999,-999,11,74,26.11111111,29.1,0,0,-999,-999,-999,-999,0.179,-999,-999,-999,-999
2017,138,23,0,-999,-999,-999,-999,-999,9,79,25,29.1,0,0,-999,-999,-999,-999,0.179,-999,-999,-999,-999
2017,139,0,0,-999,-999,-999,-999,-999,5,82,25,29.1,0,0,-999,-999,-999,-999,0.178,-999,-999,-999,-999
2017,139,1,0,-999,-999,-999,-999,-999,8,82,24.44444444,29.1,0,0,-999,-999,-999,-999,0.179,-999,-999,-999,-999
2017,139,2,0,-999,-999,-999,-999,-999,7,85,24.44444444,29.09,0,0,-999,-999,-999,-999,0.179,-999,-999,-999,-999
2017,139,3,0,-999,-999,-999,-999,-999,9,88,23.88888889,29.08,0,0,-999,-999,-999,-999,0.177,-999,-999,-999,-999
2017,139,4,0,-999,-999,-999,-999,-999,9,88,23.88888889,29.07,0,0,-999,-999,-999,-999,0.177,-999,-999,-999,-999
2017,139,5,0,-999,-999,-999,-999,-999,11,88,23.88888889,29.07,0,0,-999,-999,-999,-999,0.177,-999,-999,-999,-999
2017,139,6,0,-999,-999,-999,-999,-999,11,84,23.88888889,29.08,0,0,-999,-999,-999,-999,0.177,-999,-999,-999,-999
2017,139,7,0,-999,-999,-999,-999,-999,9,82,24.44444444,29.1,0,53,-999,-999,-999,-999,0.177,-999,-999,-999,-999
2017,139,8,0,-999,-999,-999,-999,-999,7,79,25,29.1,0,118,-999,-999,-999,-999,0.177,-999,-999,-999,-999
2017,139,9,0,-999,-999,-999,-999,-999,9,71,26.66666667,29.1,0,272,-999,-999,-999,-999,0.176,-999,-999,-999,-999
2017,139,10,0,-999,-999,-999,-999,-999,13,65,27.77777778,29.1,0,297,-999,-999,-999,-999,0.177,-999,-999,-999,-999
2017,139,11,0,-999,-999,-999,-999,-999,9,50,31.66666667,29.09,0,503,-999,-999,-999,-999,0.18,-999,-999,-999,-999
2017,139,12,0,-999,-999,-999,-999,-999,8,47,32.77777778,29.07,0,553,-999,-999,-999,-999,0.18,-999,-999,-999,-999
2017,139,13,0,-999,-999,-999,-999,-999,10,42,33.88888889,29.06,0,608,-999,-999,-999,-999,0.181,-999,-999,-999,-999
2017,139,14,0,-999,-999,-999,-999,-999,8,42,33.88888889,29.05,0,90,-999,-999,-999,-999,0.181,-999,-999,-999,-999
2017,139,15,0,-999,-999,-999,-999,-999,10,44,33.33333333,29.04,0,201,-999,-999,-999,-999,0.18,-999,-999,-999,-999
2017,139,16,0,-999,-999,-999,-999,-999,13,47,32.77777778,29.02,0,152,-999,-999,-999,-999,0.18,-999,-999,-999,-999
2017,139,17,0,-999,-999,-999,-999,-999,10,48,32.22222222,29.02,0,107,-999,-999,-999,-999,0.179,-999,-999,-999,-999
2017,139,18,0,-999,-999,-999,-999,-999,14,50,31.11111111,29.02,0,69,-999,-999,-999,-999,0.179,-999,-999,-999,-999
2017,139,19,0,-999,-999,-999,-999,-999,10,59,29.44444444,29.04,0,25,-999,-999,-999,-999,0.178,-999,-999,-999,-999
2017,139,20,0,-999,-999,-999,-999,-999,9,61,28.33333333,29.06,0,0,-999,-999,-999,-999,0.179,-999,-999,-999,-999
2017,139,21,0,-999,-999,-999,-999,-999,8,67,27.22222222,29.09,0,0,-999,-999,-999,-999,0.177,-999,-999,-999,-999
2017,139,22,0,-999,-999,-999,-999,-999,9,74,26.11111111,29.1,0,0,-999,-999,-999,-999,0.176,-999,-999,-999,-999
2017,139,23,0,-999,-999,-999,-999,-999,10,79,25.55555556,29.1,0,0,-999,-999,-999,-999,0.176,-999,-999,-999,-999
2017,140,0,0,-999,-999,-999,-999,-999,10,79,25.55555556,29.1,0,0,-999,-999,-999,-999,0.176,-999,-999,-999,-999
2017,140,1,0,-999,-999,-999,-999,-999,6,82,25,29.13,0,0,-999,-999,-999,-999,0.209,-999,-999,-999,-999
2017,140,2,0,-999,-999,-999,-999,-999,6,69,24.44444444,29.13,0,0,-999,-999,-999,-999,0.296,-999,-999,-999,-999
2017,140,3,0,-999,-999,-999,-999,-999,6,90,21.66666667,29.15,0.16933333,0,-999,-999,-999,-999,0.512,-999,-999,-999,-999
2017,140,4,0,-999,-999,-999,-999,-999,11,93,20.55555556,29.17,0.1905,0,-999,-999,-999,-999,0.495,-999,-999,-999,-999
2017,140,5,0,-999,-999,-999,-999,-999,3,93,19.44444444,29.13,0,0,-999,-999,-999,-999,0.47,-999,-999,-999,-999
2017,140,6,0,-999,-999,-999,-999,-999,5,96,18.88888889,29.16,0,0,-999,-999,-999,-999,0.455,-999,-999,-999,-999
2017,140,7,0,-999,-999,-999,-999,-999,0,93,20,29.21,0,3,-999,-999,-999,-999,0.449,-999,-999,-999,-999
2017,140,8,0,-999,-999,-999,-999,-999,5,93,20,29.22,0,9,-999,-999,-999,-999,0.473,-999,-999,-999,-999
2017,140,9,0,-999,-999,-999,-999,-999,3,90,20.55555556,29.23,0,0,-999,-999,-999,-999,0.473,-999,-999,-999,-999
2017,140,10,0,-999,-999,-999,-999,-999,0,96,20,29.23,2.032,49,-999,-999,-999,-999,0.484,-999,-999,-999,-999
2017,140,11,0,-999,-999,-999,-999,-999,5,96,20,29.16,0.04233333,86,-999,-999,-999,-999,0.48,-999,-999,-999,-999
2017,140,12,0,-999,-999,-999,-999,-999,5,90,20.55555556,29.26,0,295,-999,-999,-999,-999,0.473,-999,-999,-999,-999
2017,140,13,0,-999,-999,-999,-999,-999,5,84,22.77777778,29.23,0,695,-999,-999,-999,-999,0.463,-999,-999,-999,-999
2017,140,14,0,-999,-999,-999,-999,-999,7,74,25,29.23,0,517,-999,-999,-999,-999,0.463,-999,-999,-999,-999
2017,140,15,0,-999,-999,-999,-999,-999,7,74,25,29.21,0,595,-999,-999,-999,-999,0.46,-999,-999,-999,-999
2017,140,16,0,-999,-999,-999,-999,-999,3,65,27.77777778,29.21,0,229,-999,-999,-999,-999,0.457,-999,-999,-999,-999
2017,140,17,0,-999,-999,-999,-999,-999,5,61,28.88888889,29.19,0,264,-999,-999,-999,-999,0.454,-999,-999,-999,-999
2017,140,18,0,-999,-999,-999,-999,-999,5,63,28.33333333,29.2,0,176,-999,-999,-999,-999,0.447,-999,-999,-999,-999
2017,140,19,0,-999,-999,-999,-999,-999,5,69,26.66666667,29.2,0,10,-999,-999,-999,-999,0.441,-999,-999,-999,-999
2017,140,20,0,-999,-999,-999,-999,-999,3,69,26.11111111,29.23,0,0,-999,-999,-999,-999,0.438,-999,-999,-999,-999
2017,140,21,0,-999,-999,-999,-999,-999,0,69,25.55555556,29.26,0,0,-999,-999,-999,-999,0.439,-999,-999,-999,-999
2017,140,22,0,-999,-999,-999,-999,-999,8,67,25.55555556,29.29,0,0,-999,-999,-999,-999,0.436,-999,-999,-999,-999
2017,140,23,0,-999,-999,-999,-999,-999,3,72,24.44444444,29.3,0,0,-999,-999,-999,-999,0.434,-999,-999,-999,-999
2017,141,0,0,-999,-999,-999,-999,-999,3,74,23.88888889,29.31,0,0,-999,-999,-999,-999,0.431,-999,-999,-999,-999
2017,141,1,0,-999,-999,-999,-999,-999,5,79,23.33333333,29.3,0,0,-999,-999,-999,-999,0.43,-999,-999,-999,-999
2017,141,2,0,-999,-999,-999,-999,-999,3,81,22.77777778,29.3,0,0,-999,-999,-999,-999,0.426,-999,-999,-999,-999
2017,141,3,0,-999,-999,-999,-999,-999,5,79,22.77777778,29.3,0,0,-999,-999,-999,-999,0.427,-999,-999,-999,-999
2017,141,4,0,-999,-999,-999,-999,-999,6,76,22.22222222,29.31,0,0,-999,-999,-999,-999,0.422,-999,-999,-999,-999
2017,141,5,0,-999,-999,-999,-999,-999,8,73,22.22222222,29.31,0,0,-999,-999,-999,-999,0.424,-999,-999,-999,-999
2017,141,6,0,-999,-999,-999,-999,-999,7,73,21.66666667,29.35,0,4,-999,-999,-999,-999,0.426,-999,-999,-999,-999
2017,141,7,0,-999,-999,-999,-999,-999,5,71,21.66666667,29.37,0,43,-999,-999,-999,-999,0.421,-999,-999,-999,-999
2017,141,8,0,-999,-999,-999,-999,-999,6,68,21.66666667,29.39,0,98,-999,-999,-999,-999,0.417,-999,-999,-999,-999
2017,141,9,0,-999,-999,-999,-999,-999,-999,68,21.66666667,29.39,0,319,-999,-999,-999,-999,0.42,-999,-999,-999,-999
2017,141,10,0,-999,-999,-999,-999,-999,7,63,21.66666667,29.4,0,111,-999,-999,-999,-999,0.419,-999,-999,-999,-999
2017,141,11,0,-999,-999,-999,-999,-999,0,62,22.77777778,29.4,0,156,-999,-999,-999,-999,0.416,-999,-999,-999,-999
2017,141,12,0,-999,-999,-999,-999,-999,8,57,22.77777778,29.37,0,415,-999,-999,-999,-999,0.416,-999,-999,-999,-999
2017,141,13,0,-999,-999,-999,-999,-999,7,54,24.44444444,29.35,0,574,-999,-999,-999,-999,0.411,-999,-999,-999,-999
2017,141,14,0,-999,-999,-999,-999,-999,6,55,23.88888889,29.36,0,299,-999,-999,-999,-999,0.414,-999,-999,-999,-999
2017,141,15,0,-999,-999,-999,-999,-999,7,54,23.88888889,29.35,0,249,-999,-999,-999,-999,0.413,-999,-999,-999,-999
2017,141,16,0,-999,-999,-999,-999,-999,8,54,24.44444444,29.33,0,33,-999,-999,-999,-999,0.412,-999,-999,-999,-999
2017,141,17,0,-999,-999,-999,-999,-999,5,71,21.11111111,29.34,0.10583333,0,-999,-999,-999,-999,0.409,-999,-999,-999,-999
2017,141,18,0,-999,-999,-999,-999,-999,8,87,19.44444444,29.34,0.21166667,4,-999,-999,-999,-999,0.518,-999,-999,-999,-999
2017,141,19,0,-999,-999,-999,-999,-999,3,93,18.33333333,29.4,0.10583333,0,-999,-999,-999,-999,0.514,-999,-999,-999,-999
2017,141,20,0,-999,-999,-999,-999,-999,11,97,17.22222222,29.33,0.16933333,0,-999,-999,-999,-999,0.512,-999,-999,-999,-999
2017,141,21,0,-999,-999,-999,-999,-999,0,90,17.22222222,29.37,0.16933333,0,-999,-999,-999,-999,0.503,-999,-999,-999,-999
2017,141,22,0,-999,-999,-999,-999,-999,0,93,16.66666667,29.4,0,0,-999,-999,-999,-999,0.5,-999,-999,-999,-999
2017,141,23,0,-999,-999,-999,-999,-999,5,90,17.22222222,29.37,0,0,-999,-999,-999,-999,0.496,-999,-999,-999,-999
2017,142,0,0,-999,-999,-999,-999,-999,7,90,16.66666667,29.35,0,0,-999,-999,-999,-999,0.491,-999,-999,-999,-999
2017,142,1,0,-999,-999,-999,-999,-999,5,90,16.66666667,29.37,0,0,-999,-999,-999,-999,0.485,-999,-999,-999,-999
2017,142,2,0,-999,-999,-999,-999,-999,5,87,17.22222222,29.39,0,0,-999,-999,-999,-999,0.477,-999,-999,-999,-999
2017,142,3,0,-999,-999,-999,-999,-999,5,87,17.22222222,29.34,0,0,-999,-999,-999,-999,0.472,-999,-999,-999,-999
2017,142,4,0,-999,-999,-999,-999,-999,5,90,17.22222222,29.33,0,0,-999,-999,-999,-999,0.468,-999,-999,-999,-999
2017,142,5,0,-999,-999,-999,-999,-999,7,90,17.22222222,29.32,0,0,-999,-999,-999,-999,0.463,-999,-999,-999,-999
2017,142,6,0,-999,-999,-999,-999,-999,7,90,16.11111111,29.32,0.02116667,0,-999,-999,-999,-999,0.462,-999,-999,-999,-999
2017,142,7,0,-999,-999,-999,-999,-999,3,90,16.11111111,29.34,0.02116667,124,-999,-999,-999,-999,0.457,-999,-999,-999,-999
2017,142,8,0,-999,-999,-999,-999,-999,5,90,16.66666667,29.33,0.02116667,55,-999,-999,-999,-999,0.455,-999,-999,-999,-999
2017,142,9,0,-999,-999,-999,-999,-999,7,84,18.88888889,29.33,0,107,-999,-999,-999,-999,0.455,-999,-999,-999,-999
2017,142,10,0,-999,-999,-999,-999,-999,5,81,20,29.33,0,209,-999,-999,-999,-999,0.453,-999,-999,-999,-999
2017,142,11,0,-999,-999,-999,-999,-999,7,81,20.55555556,29.32,0,485,-999,-999,-999,-999,0.456,-999,-999,-999,-999
2017,142,12,0,-999,-999,-999,-999,-999,6,76,22.77777778,29.29,0,369,-999,-999,-999,-999,0.454,-999,-999,-999,-999
2017,142,13,0,-999,-999,-999,-999,-999,3,76,22.77777778,29.28,0,392,-999,-999,-999,-999,0.453,-999,-999,-999,-999
2017,142,14,0,-999,-999,-999,-999,-999,6,71,23.88888889,29.26,0,151,-999,-999,-999,-999,0.45,-999,-999,-999,-999
2017,142,15,0,-999,-999,-999,-999,-999,6,71,23.88888889,29.24,0,201,-999,-999,-999,-999,0.448,-999,-999,-999,-999
2017,142,16,0,-999,-999,-999,-999,-999,3,74,23.33333333,29.22,0,97,-999,-999,-999,-999,0.45,-999,-999,-999,-999
2017,142,17,0,-999,-999,-999,-999,-999,5,76,22.77777778,29.21,0,164,-999,-999,-999,-999,0.447,-999,-999,-999,-999
2017,142,18,0,-999,-999,-999,-999,-999,3,74,23.33333333,29.2,0,22,-999,-999,-999,-999,0.446,-999,-999,-999,-999
2017,142,19,0,-999,-999,-999,-999,-999,3,76,22.77777778,29.2,0,0,-999,-999,-999,-999,0.445,-999,-999,-999,-999
2017,142,20,0,-999,-999,-999,-999,-999,0,81,21.66666667,29.2,0,0,-999,-999,-999,-999,0.441,-999,-999,-999,-999
2017,142,21,0,-999,-999,-999,-999,-999,0,79,21.66666667,29.2,0,0,-999,-999,-999,-999,0.441,-999,-999,-999,-999
2017,142,22,0,-999,-999,-999,-999,-999,0,84,20.55555556,29.22,0,0,-999,-999,-999,-999,0.443,-999,-999,-999,-999
2017,142,23,0,-999,-999,-999,-999,-999,3,87,20,29.24,0,0,-999,-999,-999,-999,0.44,-999,-999,-999,-999
2017,143,0,0,-999,-999,-999,-999,-999,3,87,20,29.24,0,0,-999,-999,-999,-999,0.44,-999,-999,-999,-999
2017,143,1,0,-999,-999,-999,-999,-999,0,93,18.88888889,29.17,0,0,-999,-999,-999,-999,0.436,-999,-999,-999,-999
2017,143,2,0,-999,-999,-999,-999,-999,0,93,18.88888889,29.19,0,0,-999,-999,-999,-999,0.438,-999,-999,-999,-999
2017,143,3,0,-999,-999,-999,-999,-999,5,93,18.88888889,29.1,0,0,-999,-999,-999,-999,0.434,-999,-999,-999,-999
2017,143,4,0,-999,-999,-999,-999,-999,7,93,18.88888889,29.16,0,0,-999,-999,-999,-999,0.436,-999,-999,-999,-999
2017,143,5,0,-999,-999,-999,-999,-999,3,96,18.88888889,29.2,0.02116667,0,-999,-999,-999,-999,0.432,-999,-999,-999,-999
2017,143,6,0,-999,-999,-999,-999,-999,5,97,18.33333333,29.19,0.02116667,0,-999,-999,-999,-999,0.431,-999,-999,-999,-999
2017,143,7,0,-999,-999,-999,-999,-999,5,100,17.77777778,29.18,0,70,-999,-999,-999,-999,0.429,-999,-999,-999,-999
2017,143,8,0,-999,-999,-999,-999,-999,0,93,18.88888889,29.2,0,111,-999,-999,-999,-999,0.431,-999,-999,-999,-999
2017,143,9,0,-999,-999,-999,-999,-999,0,91,19.44444444,29.21,0,129,-999,-999,-999,-999,0.429,-999,-999,-999,-999
2017,143,10,0,-999,-999,-999,-999,-999,6,81,21.66666667,29.23,0,90,-999,-999,-999,-999,0.429,-999,-999,-999,-999
2017,143,11,0,-999,-999,-999,-999,-999,6,74,22.77777778,29.21,0,905,-999,-999,-999,-999,0.431,-999,-999,-999,-999
2017,143,12,0,-999,-999,-999,-999,-999,3,64,25,29.18,0,955,-999,-999,-999,-999,0.432,-999,-999,-999,-999
2017,143,13,0,-999,-999,-999,-999,-999,5,54,27.22222222,29.15,0,259,-999,-999,-999,-999,0.433,-999,-999,-999,-999
2017,143,14,0,-999,-999,-999,-999,-999,6,46,30,29.15,0,168,-999,-999,-999,-999,0.43,-999,-999,-999,-999
2017,143,15,0,-999,-999,-999,-999,-999,6,49,27.77777778,29.13,0,168,-999,-999,-999,-999,0.439,-999,-999,-999,-999
2017,143,16,0,-999,-999,-999,-999,-999,10,56,25.55555556,29.13,0,173,-999,-999,-999,-999,0.517,-999,-999,-999,-999
2017,143,17,0,-999,-999,-999,-999,-999,21,60,23.88888889,29.17,0,103,-999,-999,-999,-999,0.514,-999,-999,-999,-999
2017,143,18,0,-999,-999,-999,-999,-999,9,87,18.88888889,29.21,0.0635,45,-999,-999,-999,-999,0.512,-999,-999,-999,-999
2017,143,19,0,-999,-999,-999,-999,-999,7,78,17.77777778,29.2,0.0635,44,-999,-999,-999,-999,0.502,-999,-999,-999,-999
2017,143,20,0,-999,-999,-999,-999,-999,3,81,17.22222222,29.23,0,0,-999,-999,-999,-999,0.501,-999,-999,-999,-999
2017,143,21,0,-999,-999,-999,-999,-999,6,80,16.66666667,29.25,0,0,-999,-999,-999,-999,0.494,-999,-999,-999,-999
2017,143,22,0,-999,-999,-999,-999,-999,6,78,16.11111111,29.27,0,0,-999,-999,-999,-999,0.488,-999,-999,-999,-999
2017,143,23,0,-999,-999,-999,-999,-999,6,75,15,29.27,0,0,-999,-999,-999,-999,0.481,-999,-999,-999,-999
2017,144,0,0,-999,-999,-999,-999,-999,5,78,14.44444444,29.26,0,0,-999,-999,-999,-999,0.475,-999,-999,-999,-999
2017,144,1,0,-999,-999,-999,-999,-999,5,75,15,29.23,0,0,-999,-999,-999,-999,0.474,-999,-999,-999,-999
2017,144,2,0,-999,-999,-999,-999,-999,5,81,13.88888889,29.19,0,0,-999,-999,-999,-999,0.471,-999,-999,-999,-999
2017,144,3,0,-999,-999,-999,-999,-999,6,81,13.88888889,29.2,0,0,-999,-999,-999,-999,0.467,-999,-999,-999,-999
2017,144,4,0,-999,-999,-999,-999,-999,7,81,13.88888889,29.2,0,0,-999,-999,-999,-999,0.464,-999,-999,-999,-999
2017,144,5,0,-999,-999,-999,-999,-999,6,84,13.33333333,29.19,0,0,-999,-999,-999,-999,0.464,-999,-999,-999,-999
2017,144,6,0,-999,-999,-999,-999,-999,8,84,13.33333333,29.2,0,44,-999,-999,-999,-999,0.459,-999,-999,-999,-999
2017,144,7,0,-999,-999,-999,-999,-999,9,78,14.44444444,29.2,0,233,-999,-999,-999,-999,0.455,-999,-999,-999,-999
2017,144,8,0,-999,-999,-999,-999,-999,8,65,17.22222222,29.22,0,450,-999,-999,-999,-999,0.458,-999,-999,-999,-999
2017,144,9,0,-999,-999,-999,-999,-999,5,53,20.55555556,29.22,0,648,-999,-999,-999,-999,0.452,-999,-999,-999,-999
2017,144,10,0,-999,-999,-999,-999,-999,6,45,23.33333333,29.21,0,812,-999,-999,-999,-999,0.451,-999,-999,-999,-999
2017,144,11,0,-999,-999,-999,-999,-999,7,36,25.55555556,29.2,0,930,-999,-999,-999,-999,0.452,-999,-999,-999,-999
2017,144,12,0,-999,-999,-999,-999,-999,8,29,26.66666667,29.17,0,980,-999,-999,-999,-999,0.452,-999,-999,-999,-999
2017,144,13,0,-999,-999,-999,-999,-999,3,25,28.88888889,29.15,0,981,-999,-999,-999,-999,0.452,-999,-999,-999,-999
2017,144,14,0,-999,-999,-999,-999,-999,7,25,29.44444444,29.13,0,924,-999,-999,-999,-999,0.451,-999,-999,-999,-999
2017,144,15,0,-999,-999,-999,-999,-999,5,24,29.44444444,29.1,0,809,-999,-999,-999,-999,0.447,-999,-999,-999,-999
2017,144,16,0,-999,-999,-999,-999,-999,6,22,30.55555556,29.07,0,646,-999,-999,-999,-999,0.443,-999,-999,-999,-999
2017,144,17,0,-999,-999,-999,-999,-999,3,21,30.55555556,29.05,0,451,-999,-999,-999,-999,0.44,-999,-999,-999,-999
2017,144,18,0,-999,-999,-999,-999,-999,3,23,30,29.03,0,233,-999,-999,-999,-999,0.438,-999,-999,-999,-999
2017,144,19,0,-999,-999,-999,-999,-999,0,28,27.77777778,29.02,0,49,-999,-999,-999,-999,0.436,-999,-999,-999,-999
2017,144,20,0,-999,-999,-999,-999,-999,3,42,24.44444444,29.03,0,0,-999,-999,-999,-999,0.434,-999,-999,-999,-999
2017,144,21,0,-999,-999,-999,-999,-999,0,59,21.11111111,29.05,0,0,-999,-999,-999,-999,0.431,-999,-999,-999,-999
2017,144,22,0,-999,-999,-999,-999,-999,0,55,21.11111111,29.07,0,0,-999,-999,-999,-999,0.43,-999,-999,-999,-999
2017,144,23,0,-999,-999,-999,-999,-999,0,59,20.55555556,29.08,0,0,-999,-999,-999,-999,0.428,-999,-999,-999,-999
2017,145,0,0,-999,-999,-999,-999,-999,0,61,19.44444444,29.06,0,0,-999,-999,-999,-999,0.425,-999,-999,-999,-999
2017,145,1,0,-999,-999,-999,-999,-999,0,68,18.33333333,29.04,0,0,-999,-999,-999,-999,0.427,-999,-999,-999,-999
2017,145,2,0,-999,-999,-999,-999,-999,3,73,17.22222222,29.04,0,0,-999,-999,-999,-999,0.425,-999,-999,-999,-999
2017,145,3,0,-999,-999,-999,-999,-999,5,68,17.22222222,29.03,0,0,-999,-999,-999,-999,0.422,-999,-999,-999,-999
2017,145,4,0,-999,-999,-999,-999,-999,3,65,17.77777778,29.05,0,0,-999,-999,-999,-999,0.422,-999,-999,-999,-999
2017,145,5,0,-999,-999,-999,-999,-999,6,65,17.77777778,29.05,0,0,-999,-999,-999,-999,0.418,-999,-999,-999,-999
2017,145,6,0,-999,-999,-999,-999,-999,5,65,17.77777778,29.07,0,44,-999,-999,-999,-999,0.421,-999,-999,-999,-999
2017,145,7,0,-999,-999,-999,-999,-999,8,63,20.55555556,29.08,0,227,-999,-999,-999,-999,0.419,-999,-999,-999,-999
2017,145,8,0,-999,-999,-999,-999,-999,7,62,22.77777778,29.09,0,440,-999,-999,-999,-999,0.418,-999,-999,-999,-999
2017,145,9,0,-999,-999,-999,-999,-999,8,50,25,29.1,0,633,-999,-999,-999,-999,0.419,-999,-999,-999,-999
2017,145,10,0,-999,-999,-999,-999,-999,8,42,27.22222222,29.09,0,793,-999,-999,-999,-999,0.417,-999,-999,-999,-999
2017,145,11,0,-999,-999,-999,-999,-999,10,37,28.88888889,29.07,0,902,-999,-999,-999,-999,0.415,-999,-999,-999,-999
2017,145,12,0,-999,-999,-999,-999,-999,10,36,30.55555556,29.08,0,964,-999,-999,-999,-999,0.415,-999,-999,-999,-999
2017,145,13,0,-999,-999,-999,-999,-999,13,33,32.22222222,29.06,0,923,-999,-999,-999,-999,0.415,-999,-999,-999,-999
2017,145,14,0,-999,-999,-999,-999,-999,8,35,32.77777778,29.04,0,910,-999,-999,-999,-999,0.413,-999,-999,-999,-999
2017,145,15,0,-999,-999,-999,-999,-999,6,36,33.88888889,29.02,0,786,-999,-999,-999,-999,0.411,-999,-999,-999,-999
2017,145,16,0,-999,-999,-999,-999,-999,8,38,33.33333333,29,0,626,-999,-999,-999,-999,0.41,-999,-999,-999,-999
2017,145,17,0,-999,-999,-999,-999,-999,8,38,33.33333333,28.99,0,440,-999,-999,-999,-999,0.409,-999,-999,-999,-999
2017,145,18,0,-999,-999,-999,-999,-999,7,44,32.22222222,28.99,0,203,-999,-999,-999,-999,0.406,-999,-999,-999,-999
2017,145,19,0,-999,-999,-999,-999,-999,8,50,30.55555556,29,0,10,-999,-999,-999,-999,0.405,-999,-999,-999,-999
2017,145,20,0,-999,-999,-999,-999,-999,7,59,28.33333333,29.01,0,0,-999,-999,-999,-999,0.404,-999,-999,-999,-999
2017,145,21,0,-999,-999,-999,-999,-999,11,67,26.66666667,29.03,0,0,-999,-999,-999,-999,0.4,-999,-999,-999,-999
2017,145,22,0,-999,-999,-999,-999,-999,9,74,25.55555556,29.06,0,0,-999,-999,-999,-999,0.402,-999,-999,-999,-999
2017,145,23,0,-999,-999,-999,-999,-999,7,77,25,29.07,0,0,-999,-999,-999,-999,0.398,-999,-999,-999,-999
2017,146,0,0,-999,-999,-999,-999,-999,8,82,24.44444444,29.08,0,0,-999,-999,-999,-999,0.399,-999,-999,-999,-999
2017,146,1,0,-999,-999,-999,-999,-999,8,85,24.44444444,29.08,0,0,-999,-999,-999,-999,0.397,-999,-999,-999,-999
2017,146,2,0,-999,-999,-999,-999,-999,7,89,23.88888889,29.08,0,0,-999,-999,-999,-999,0.396,-999,-999,-999,-999
2017,146,3,0,-999,-999,-999,-999,-999,5,88,24.44444444,29.09,0,0,-999,-999,-999,-999,0.398,-999,-999,-999,-999
2017,146,4,0,-999,-999,-999,-999,-999,7,79,25,29.1,0,0,-999,-999,-999,-999,0.395,-999,-999,-999,-999
2017,146,5,0,-999,-999,-999,-999,-999,5,82,25,29.12,0,0,-999,-999,-999,-999,0.394,-999,-999,-999,-999
2017,146,6,0,-999,-999,-999,-999,-999,6,79,25,29.13,0,1,-999,-999,-999,-999,0.395,-999,-999,-999,-999
2017,146,7,0,-999,-999,-999,-999,-999,7,79,25.55555556,29.15,0,39,-999,-999,-999,-999,0.392,-999,-999,-999,-999
2017,146,8,0,-999,-999,-999,-999,-999,6,77,26.11111111,29.16,0,68,-999,-999,-999,-999,0.396,-999,-999,-999,-999
2017,146,9,0,-999,-999,-999,-999,-999,7,76,26.66666667,29.16,0,105,-999,-999,-999,-999,0.392,-999,-999,-999,-999
2017,146,10,0,-999,-999,-999,-999,-999,5,76,26.66666667,29.16,0,169,-999,-999,-999,-999,0.393,-999,-999,-999,-999
2017,146,11,0,-999,-999,-999,-999,-999,6,79,26.66666667,29.18,0,108,-999,-999,-999,-999,0.393,-999,-999,-999,-999
2017,146,12,0,-999,-999,-999,-999,-999,8,79,26.66666667,29.19,0,177,-999,-999,-999,-999,0.393,-999,-999,-999,-999
2017,146,13,0,-999,-999,-999,-999,-999,8,74,27.77777778,29.17,0,126,-999,-999,-999,-999,0.391,-999,-999,-999,-999
2017,146,14,0,-999,-999,-999,-999,-999,8,72,28.33333333,29.17,0,294,-999,-999,-999,-999,0.39,-999,-999,-999,-999
2017,146,15,0,-999,-999,-999,-999,-999,8,57,31.66666667,29.15,0,703,-999,-999,-999,-999,0.391,-999,-999,-999,-999
2017,146,16,0,-999,-999,-999,-999,-999,6,56,32.22222222,29.13,0,619,-999,-999,-999,-999,0.39,-999,-999,-999,-999
2017,146,17,0,-999,-999,-999,-999,-999,6,54,32.77777778,29.12,0,449,-999,-999,-999,-999,0.39,-999,-999,-999,-999
2017,146,18,0,-999,-999,-999,-999,-999,3,55,31.66666667,29.1,0,112,-999,-999,-999,-999,0.389,-999,-999,-999,-999
2017,146,19,0,-999,-999,-999,-999,-999,3,59,30.55555556,29.13,0,35,-999,-999,-999,-999,0.39,-999,-999,-999,-999
2017,146,20,0,-999,-999,-999,-999,-999,6,68,29.44444444,29.13,0,0,-999,-999,-999,-999,0.388,-999,-999,-999,-999
2017,146,21,0,-999,-999,-999,-999,-999,5,74,28.33333333,29.15,0,0,-999,-999,-999,-999,0.387,-999,-999,-999,-999
2017,146,22,0,-999,-999,-999,-999,-999,8,77,27.77777778,29.16,0,0,-999,-999,-999,-999,0.387,-999,-999,-999,-999
2017,146,23,0,-999,-999,-999,-999,-999,9,82,27.22222222,29.18,0,0,-999,-999,-999,-999,0.386,-999,-999,-999,-999
2017,147,0,0,-999,-999,-999,-999,-999,7,82,26.66666667,29.18,0,0,-999,-999,-999,-999,0.387,-999,-999,-999,-999
2017,147,1,0,-999,-999,-999,-999,-999,8,88,26.11111111,29.17,0,0,-999,-999,-999,-999,0.382,-999,-999,-999,-999
2017,147,2,0,-999,-999,-999,-999,-999,6,88,26.11111111,29.16,0,0,-999,-999,-999,-999,0.381,-999,-999,-999,-999
2017,147,3,0,-999,-999,-999,-999,-999,6,90,25.55555556,29.16,0,0,-999,-999,-999,-999,0.383,-999,-999,-999,-999
2017,147,4,0,-999,-999,-999,-999,-999,6,94,25,29.16,0,0,-999,-999,-999,-999,0.383,-999,-999,-999,-999
2017,147,5,0,-999,-999,-999,-999,-999,6,90,25,29.16,0,0,-999,-999,-999,-999,0.384,-999,-999,-999,-999
2017,147,6,0,-999,-999,-999,-999,-999,6,87,25.55555556,29.17,0,0,-999,-999,-999,-999,0.383,-999,-999,-999,-999
2017,147,7,0,-999,-999,-999,-999,-999,6,85,26.11111111,29.19,0,29,-999,-999,-999,-999,0.381,-999,-999,-999,-999
2017,147,8,0,-999,-999,-999,-999,-999,5,85,26.11111111,29.2,0,55,-999,-999,-999,-999,0.382,-999,-999,-999,-999
2017,147,9,0,-999,-999,-999,-999,-999,5,79,27.22222222,29.2,0,109,-999,-999,-999,-999,0.383,-999,-999,-999,-999
2017,147,10,0,-999,-999,-999,-999,-999,5,72,28.88888889,29.2,0,173,-999,-999,-999,-999,0.382,-999,-999,-999,-999
2017,147,11,0,-999,-999,-999,-999,-999,8,70,29.44444444,29.2,0,359,-999,-999,-999,-999,0.383,-999,-999,-999,-999
2017,147,12,0,-999,-999,-999,-999,-999,6,65,30.55555556,29.2,0,419,-999,-999,-999,-999,0.382,-999,-999,-999,-999
2017,147,13,0,-999,-999,-999,-999,-999,5,61,31.66666667,29.18,0,278,-999,-999,-999,-999,0.38,-999,-999,-999,-999
2017,147,14,0,-999,-999,-999,-999,-999,7,57,32.77777778,29.15,0,329,-999,-999,-999,-999,0.38,-999,-999,-999,-999
2017,147,15,0,-999,-999,-999,-999,-999,9,49,35,29.13,0,692,-999,-999,-999,-999,0.377,-999,-999,-999,-999
2017,147,16,0,-999,-999,-999,-999,-999,9,46,36.11111111,29.12,0,264,-999,-999,-999,-999,0.374,-999,-999,-999,-999
2017,147,17,0,-999,-999,-999,-999,-999,6,49,35,29.1,0,392,-999,-999,-999,-999,0.379,-999,-999,-999,-999
2017,147,18,0,-999,-999,-999,-999,-999,8,54,33.33333333,29.1,0,177,-999,-999,-999,-999,0.375,-999,-999,-999,-999
2017,147,19,0,-999,-999,-999,-999,-999,10,59,31.66666667,29.12,0,3,-999,-999,-999,-999,0.374,-999,-999,-999,-999
2017,147,20,0,-999,-999,-999,-999,-999,7,67,30,29.13,0,0,-999,-999,-999,-999,0.373,-999,-999,-999,-999
2017,147,21,0,-999,-999,-999,-999,-999,7,72,28.33333333,29.15,0,0,-999,-999,-999,-999,0.37,-999,-999,-999,-999
2017,147,22,0,-999,-999,-999,-999,-999,10,76,26.66666667,29.16,0,0,-999,-999,-999,-999,0.37,-999,-999,-999,-999
2017,147,23,0,-999,-999,-999,-999,-999,8,82,26.11111111,29.16,0,0,-999,-999,-999,-999,0.369,-999,-999,-999,-999
2017,148,0,0,-999,-999,-999,-999,-999,5,85,25.55555556,29.15,0,0,-999,-999,-999,-999,0.367,-999,-999,-999,-999
2017,148,1,0,-999,-999,-999,-999,-999,5,88,25,29.13,0,0,-999,-999,-999,-999,0.367,-999,-999,-999,-999
2017,148,2,0,-999,-999,-999,-999,-999,9,85,25,29.1,0,0,-999,-999,-999,-999,0.365,-999,-999,-999,-999
2017,148,3,0,-999,-999,-999,-999,-999,6,88,24.44444444,29.12,0,0,-999,-999,-999,-999,0.369,-999,-999,-999,-999
2017,148,4,0,-999,-999,-999,-999,-999,0,90,23.88888889,29.13,0,0,-999,-999,-999,-999,0.363,-999,-999,-999,-999
2017,148,5,0,-999,-999,-999,-999,-999,3,90,23.88888889,29.15,0,0,-999,-999,-999,-999,0.364,-999,-999,-999,-999
2017,148,6,0,-999,-999,-999,-999,-999,5,90,23.88888889,29.15,0,26,-999,-999,-999,-999,0.363,-999,-999,-999,-999
2017,148,7,0,-999,-999,-999,-999,-999,0,85,25,29.17,0,182,-999,-999,-999,-999,0.363,-999,-999,-999,-999
2017,148,8,0,-999,-999,-999,-999,-999,0,79,27.22222222,29.21,0,384,-999,-999,-999,-999,0.363,-999,-999,-999,-999
2017,148,9,0,-999,-999,-999,-999,-999,0,72,28.33333333,29.21,0,470,-999,-999,-999,-999,0.363,-999,-999,-999,-999
2017,148,10,0,-999,-999,-999,-999,-999,7,70,28.88888889,29.22,0,593,-999,-999,-999,-999,0.361,-999,-999,-999,-999
2017,148,11,0,-999,-999,-999,-999,-999,6,63,30.55555556,29.22,0,621,-999,-999,-999,-999,0.358,-999,-999,-999,-999
2017,148,12,0,-999,-999,-999,-999,-999,5,61,31.11111111,29.21,0,513,-999,-999,-999,-999,0.362,-999,-999,-999,-999
2017,148,13,0,-999,-999,-999,-999,-999,6,52,33.88888889,29.2,0,303,-999,-999,-999,-999,0.36,-999,-999,-999,-999
2017,148,14,0,-999,-999,-999,-999,-999,6,58,32.22222222,29.19,0,248,-999,-999,-999,-999,0.363,-999,-999,-999,-999
2017,148,15,0,-999,-999,-999,-999,-999,5,58,32.22222222,29.19,0,250,-999,-999,-999,-999,0.359,-999,-999,-999,-999
2017,148,16,0,-999,-999,-999,-999,-999,6,56,32.22222222,29.15,0,0,-999,-999,-999,-999,0.358,-999,-999,-999,-999
2017,148,17,0,-999,-999,-999,-999,-999,0,57,31.66666667,29.16,0,0,-999,-999,-999,-999,0.58,-999,-999,-999,-999
2017,148,18,0,-999,-999,-999,-999,-999,5,63,30.55555556,29.17,0,0,-999,-999,-999,-999,0.576,-999,-999,-999,-999
2017,148,19,0,-999,-999,-999,-999,-999,8,90,18.88888889,29.18,5.842,0,-999,-999,-999,-999,0.554,-999,-999,-999,-999
2017,148,20,0,-999,-999,-999,-999,-999,3,84,22.22222222,29.25,0,0,-999,-999,-999,-999,0.548,-999,-999,-999,-999
2017,148,21,0,-999,-999,-999,-999,-999,8,90,22.77777778,29.24,0.16933333,0,-999,-999,-999,-999,0.539,-999,-999,-999,-999
2017,148,22,0,-999,-999,-999,-999,-999,8,94,22.77777778,29.24,0.08466667,0,-999,-999,-999,-999,0.535,-999,-999,-999,-999
2017,148,23,0,-999,-999,-999,-999,-999,0,91,22.22222222,29.31,0,0,-999,-999,-999,-999,0.526,-999,-999,-999,-999
2017,149,0,0,-999,-999,-999,-999,-999,5,93,21.11111111,29.26,0.02116667,0,-999,-999,-999,-999,0.515,-999,-999,-999,-999
2017,149,1,0,-999,-999,-999,-999,-999,0,94,21.66666667,29.25,0,0,-999,-999,-999,-999,0.512,-999,-999,-999,-999
2017,149,2,0,-999,-999,-999,-999,-999,6,90,21.66666667,29.27,0,0,-999,-999,-999,-999,0.505,-999,-999,-999,-999
2017,149,3,0,-999,-999,-999,-999,-999,0,90,21.11111111,29.27,0,0,-999,-999,-999,-999,0.501,-999,-999,-999,-999
2017,149,4,0,-999,-999,-999,-999,-999,0,90,21.11111111,29.28,0,0,-999,-999,-999,-999,0.498,-999,-999,-999,-999
2017,149,5,0,-999,-999,-999,-999,-999,5,93,20.55555556,29.24,0,0,-999,-999,-999,-999,0.494,-999,-999,-999,-999
2017,149,6,0,-999,-999,-999,-999,-999,0,93,20.55555556,29.27,0,0,-999,-999,-999,-999,0.492,-999,-999,-999,-999
2017,149,7,0,-999,-999,-999,-999,-999,5,93,20.55555556,29.33,0,46,-999,-999,-999,-999,0.487,-999,-999,-999,-999
2017,149,8,0,-999,-999,-999,-999,-999,3,87,21.66666667,29.35,0,145,-999,-999,-999,-999,0.485,-999,-999,-999,-999
2017,149,9,0,-999,-999,-999,-999,-999,7,87,22.22222222,29.39,0,179,-999,-999,-999,-999,0.484,-999,-999,-999,-999
2017,149,10,0,-999,-999,-999,-999,-999,3,84,22.77777778,29.4,0,362,-999,-999,-999,-999,0.484,-999,-999,-999,-999
2017,149,11,0,-999,-999,-999,-999,-999,5,79,23.88888889,29.39,0,466,-999,-999,-999,-999,0.48,-999,-999,-999,-999
2017,149,12,0,-999,-999,-999,-999,-999,3,71,25.55555556,29.38,0,330,-999,-999,-999,-999,0.478,-999,-999,-999,-999
2017,149,13,0,-999,-999,-999,-999,-999,0,69,26.11111111,29.37,0,598,-999,-999,-999,-999,0.476,-999,-999,-999,-999
2017,149,14,0,-999,-999,-999,-999,-999,3,55,29.44444444,29.32,0,671,-999,-999,-999,-999,0.476,-999,-999,-999,-999
2017,149,15,0,-999,-999,-999,-999,-999,3,55,28.88888889,29.3,0,773,-999,-999,-999,-999,0.476,-999,-999,-999,-999
2017,149,16,0,-999,-999,-999,-999,-999,0,49,30,29.28,0,206,-999,-999,-999,-999,0.47,-999,-999,-999,-999
2017,149,17,0,-999,-999,-999,-999,-999,3,48,30.55555556,29.27,0,478,-999,-999,-999,-999,0.47,-999,-999,-999,-999
2017,149,18,0,-999,-999,-999,-999,-999,0,48,30,29.25,0,85,-999,-999,-999,-999,0.47,-999,-999,-999,-999
2017,149,19,0,-999,-999,-999,-999,-999,0,58,27.77777778,29.26,0,70,-999,-999,-999,-999,0.464,-999,-999,-999,-999
2017,149,20,0,-999,-999,-999,-999,-999,3,64,26.66666667,29.28,0,0,-999,-999,-999,-999,0.463,-999,-999,-999,-999
2017,149,21,0,-999,-999,-999,-999,-999,0,67,26.11111111,29.3,0,0,-999,-999,-999,-999,0.461,-999,-999,-999,-999
2017,149,22,0,-999,-999,-999,-999,-999,0,71,25,29.33,0,0,-999,-999,-999,-999,0.458,-999,-999,-999,-999
2017,149,23,0,-999,-999,-999,-999,-999,0,76,23.88888889,29.35,0,0,-999,-999,-999,-999,0.461,-999,-999,-999,-999
2017,150,0,0,-999,-999,-999,-999,-999,0,79,23.33333333,29.36,0,0,-999,-999,-999,-999,0.458,-999,-999,-999,-999
2017,150,1,0,-999,-999,-999,-999,-999,0,81,22.77777778,29.35,0,0,-999,-999,-999,-999,0.457,-999,-999,-999,-999
2017,150,2,0,-999,-999,-999,-999,-999,0,87,21.66666667,29.34,0,0,-999,-999,-999,-999,0.457,-999,-999,-999,-999
2017,150,3,0,-999,-999,-999,-999,-999,0,90,21.11111111,29.34,0,0,-999,-999,-999,-999,0.453,-999,-999,-999,-999
2017,150,4,0,-999,-999,-999,-999,-999,0,87,21.66666667,29.34,0,0,-999,-999,-999,-999,0.453,-999,-999,-999,-999
2017,150,5,0,-999,-999,-999,-999,-999,0,93,20.55555556,29.35,0,0,-999,-999,-999,-999,0.45,-999,-999,-999,-999
2017,150,6,0,-999,-999,-999,-999,-999,0,90,21.11111111,29.35,0,16,-999,-999,-999,-999,0.45,-999,-999,-999,-999
2017,150,7,0,-999,-999,-999,-999,-999,0,90,21.66666667,29.37,0,233,-999,-999,-999,-999,0.453,-999,-999,-999,-999
2017,150,8,0,-999,-999,-999,-999,-999,0,77,24.44444444,29.37,0,413,-999,-999,-999,-999,0.45,-999,-999,-999,-999
2017,150,9,0,-999,-999,-999,-999,-999,0,69,26.11111111,29.37,0,529,-999,-999,-999,-999,0.449,-999,-999,-999,-999
2017,150,10,0,-999,-999,-999,-999,-999,0,67,26.11111111,29.36,0,841,-999,-999,-999,-999,0.448,-999,-999,-999,-999
2017,150,11,0,-999,-999,-999,-999,-999,5,59,28.33333333,29.36,0,831,-999,-999,-999,-999,0.452,-999,-999,-999,-999
2017,150,12,0,-999,-999,-999,-999,-999,7,48,30.55555556,29.35,0,531,-999,-999,-999,-999,0.446,-999,-999,-999,-999
2017,150,13,0,-999,-999,-999,-999,-999,5,46,31.11111111,29.34,0,392,-999,-999,-999,-999,0.446,-999,-999,-999,-999
2017,150,14,0,-999,-999,-999,-999,-999,7,46,30,29.32,0,201,-999,-999,-999,-999,0.441,-999,-999,-999,-999
2017,150,15,0,-999,-999,-999,-999,-999,6,49,28.88888889,29.32,0,177,-999,-999,-999,-999,0.44,-999,-999,-999,-999
2017,150,16,0,-999,-999,-999,-999,-999,3,51,28.33333333,29.32,0,199,-999,-999,-999,-999,0.443,-999,-999,-999,-999
2017,150,17,0,-999,-999,-999,-999,-999,0,51,28.33333333,29.31,0,129,-999,-999,-999,-999,0.439,-999,-999,-999,-999
2017,150,18,0,-999,-999,-999,-999,-999,0,55,27.77777778,29.32,0,45,-999,-999,-999,-999,0.439,-999,-999,-999,-999
2017,150,19,0,-999,-999,-999,-999,-999,0,54,27.22222222,29.3,0,11,-999,-999,-999,-999,0.44,-999,-999,-999,-999
2017,150,20,0,-999,-999,-999,-999,-999,0,58,26.11111111,29.29,0,0,-999,-999,-999,-999,0.435,-999,-999,-999,-999
2017,150,21,0,-999,-999,-999,-999,-999,3,64,25.55555556,29.3,0,0,-999,-999,-999,-999,0.438,-999,-999,-999,-999
2017,150,22,0,-999,-999,-999,-999,-999,0,72,24.44444444,29.31,0,0,-999,-999,-999,-999,0.43,-999,-999,-999,-999
2017,150,23,0,-999,-999,-999,-999,-999,0,81,22.77777778,29.31,0,0,-999,-999,-999,-999,0.435,-999,-999,-999,-999
2017,151,0,0,-999,-999,-999,-999,-999,0,79,23.33333333,29.32,0,0,-999,-999,-999,-999,0.432,-999,-999,-999,-999
2017,151,1,0,-999,-999,-999,-999,-999,0,87,21.66666667,29.31,0,0,-999,-999,-999,-999,0.432,-999,-999,-999,-999
2017,151,2,0,-999,-999,-999,-999,-999,0,87,21.66666667,29.31,0,0,-999,-999,-999,-999,0.429,-999,-999,-999,-999
2017,151,3,0,-999,-999,-999,-999,-999,0,84,22.22222222,29.31,0,0,-999,-999,-999,-999,0.428,-999,-999,-999,-999
2017,151,4,0,-999,-999,-999,-999,-999,0,87,21.66666667,29.32,0,0,-999,-999,-999,-999,0.428,-999,-999,-999,-999
2017,151,5,0,-999,-999,-999,-999,-999,0,87,21.66666667,29.32,0,0,-999,-999,-999,-999,0.425,-999,-999,-999,-999
2017,151,6,0,-999,-999,-999,-999,-999,0,93,20,29.33,0,14,-999,-999,-999,-999,0.427,-999,-999,-999,-999
2017,151,7,0,-999,-999,-999,-999,-999,0,84,23.88888889,29.34,0,54,-999,-999,-999,-999,0.429,-999,-999,-999,-999
2017,151,8,0,-999,-999,-999,-999,-999,6,82,24.44444444,29.35,0,458,-999,-999,-999,-999,0.429,-999,-999,-999,-999
2017,151,9,0,-999,-999,-999,-999,-999,3,79,25,29.37,0,294,-999,-999,-999,-999,0.423,-999,-999,-999,-999
2017,151,10,0,-999,-999,-999,-999,-999,0,69,26.66666667,29.35,0,709,-999,-999,-999,-999,0.424,-999,-999,-999,-999
2017,151,11,0,-999,-999,-999,-999,-999,3,65,27.77777778,29.36,0,402,-999,-999,-999,-999,0.427,-999,-999,-999,-999